[2025-07-27 17:43:54] [INFO] [ChatbotSessionManager.py:71] Redis connected successfully - using as primary cache
[2025-07-27 17:43:54] [INFO] [graphClass.py:37] Neo4j connected successfully
[2025-07-27 17:44:03] [INFO] [proceessor.py:37] RAG Processor initialized
[2025-07-27 17:44:28] [INFO] [app.py:169] Starting session 7733bcfe-d66b-4079-bb25-a2e1af2f0318
[2025-07-27 17:44:28] [WARNING] [ChatbotSessionManager.py:185] Session 7733bcfe-d66b-4079-bb25-a2e1af2f0318 not found in either Redis or local cache
[2025-07-27 17:44:28] [DEBUG] [utils.py:88]  Fetching data from: https://docs.google.com/spreadsheets/d/1STyEshSdfP5ilAJrjxLRRZCXnoQRYBa8fxlWJYFHPzU/export?format=csv
[2025-07-27 17:44:29] [DEBUG] [utils.py:94] ✅ Successfully loaded 46 rows and 19 columns
[2025-07-27 17:44:29] [INFO] [app.py:184] Created 230 chunks
[2025-07-27 17:44:51] [INFO] [ChatbotSessionManager.py:149] Session 7733bcfe-d66b-4079-bb25-a2e1af2f0318 stored in Redis (primary) and local cache (fallback)
[2025-07-27 17:44:51] [INFO] [app.py:209] Session 7733bcfe-d66b-4079-bb25-a2e1af2f0318 created successfully
[2025-07-27 17:45:13] [INFO] [app.py:224] Processing query for session 7733bcfe-d66b-4079-bb25-a2e1af2f0318
[2025-07-27 17:45:13] [INFO] [ChatbotSessionManager.py:167] Session 7733bcfe-d66b-4079-bb25-a2e1af2f0318 retrieved from Redis (primary cache)
[2025-07-27 17:45:13] [INFO] [proceessor.py:94] Retrived from Graph: []
[2025-07-27 17:48:06] [INFO] [ChatbotSessionManager.py:71] Redis connected successfully - using as primary cache
[2025-07-27 17:48:06] [INFO] [graphClass.py:37] Neo4j connected successfully
[2025-07-27 17:48:15] [INFO] [proceessor.py:37] RAG Processor initialized
[2025-07-27 17:48:22] [INFO] [ChatbotSessionManager.py:71] Redis connected successfully - using as primary cache
[2025-07-27 17:48:22] [INFO] [graphClass.py:37] Neo4j connected successfully
[2025-07-27 17:48:33] [INFO] [proceessor.py:37] RAG Processor initialized
[2025-07-27 17:48:57] [INFO] [ChatbotSessionManager.py:71] Redis connected successfully - using as primary cache
[2025-07-27 17:48:57] [INFO] [graphClass.py:37] Neo4j connected successfully
[2025-07-27 17:49:05] [INFO] [proceessor.py:37] RAG Processor initialized
[2025-07-27 17:49:53] [INFO] [ChatbotSessionManager.py:71] Redis connected successfully - using as primary cache
[2025-07-27 17:49:53] [INFO] [graphClass.py:37] Neo4j connected successfully
[2025-07-27 17:50:01] [INFO] [proceessor.py:37] RAG Processor initialized
[2025-07-27 17:50:08] [INFO] [ChatbotSessionManager.py:71] Redis connected successfully - using as primary cache
[2025-07-27 17:50:08] [INFO] [graphClass.py:37] Neo4j connected successfully
[2025-07-27 17:50:17] [INFO] [proceessor.py:37] RAG Processor initialized
[2025-07-27 17:50:24] [INFO] [ChatbotSessionManager.py:71] Redis connected successfully - using as primary cache
[2025-07-27 17:50:24] [INFO] [graphClass.py:37] Neo4j connected successfully
[2025-07-27 17:50:32] [INFO] [proceessor.py:39] RAG Processor initialized
[2025-07-27 17:50:40] [INFO] [ChatbotSessionManager.py:71] Redis connected successfully - using as primary cache
[2025-07-27 17:50:40] [INFO] [graphClass.py:37] Neo4j connected successfully
[2025-07-27 17:50:49] [INFO] [proceessor.py:39] RAG Processor initialized
[2025-07-27 17:51:04] [INFO] [ChatbotSessionManager.py:71] Redis connected successfully - using as primary cache
[2025-07-27 17:51:05] [INFO] [graphClass.py:37] Neo4j connected successfully
[2025-07-27 17:51:13] [INFO] [proceessor.py:39] RAG Processor initialized
[2025-07-27 17:51:19] [DEBUG] [taskManager.py:30] Task: 8b30b707-ff42-4364-9770-1d299ceaf4b9 added to queue
[2025-07-27 17:51:19] [DEBUG] [taskManager.py:54] Processing called for Task: 8b30b707-ff42-4364-9770-1d299ceaf4b9 at time : 2025-07-27 17:51:19.121317
[2025-07-27 17:51:19] [DEBUG] [utils.py:520] Starting analysis task 8b30b707-ff42-4364-9770-1d299ceaf4b9
[2025-07-27 17:51:19] [DEBUG] [utils.py:88]  Fetching data from: https://docs.google.com/spreadsheets/d/1STyEshSdfP5ilAJrjxLRRZCXnoQRYBa8fxlWJYFHPzU/export?format=csv
[2025-07-27 17:51:20] [DEBUG] [utils.py:94] ✅ Successfully loaded 46 rows and 19 columns
[2025-07-27 17:51:20] [DEBUG] [analyzer.py:118] 15 columns considerd and they are ['1. Gained knowledge of mathematics and science required for AIML branch of Engineering.', '2. Able to identify, formulate and solve engineering problems', '3. Learn to design solutions for complex computer science and systems, considering public health, safety, and cultural, societal, and environmental factors.', '4. Capable of conducting investigations into complex artificial intelligence and machine learning issues.', '5. Learned to use modern software and equipment to analyze problems essential for engineering practice.', '6. Able to recognize the impact of engineering on society.', '7. Recognize the societal and environmental impact of solutions and the need for sustainable development.', '8. Understand professional and ethical responsibility.', '9. Able to function effectively as an individual and as a member or leader in diverse, multidisciplinary teams.', '10. Able to communicate effectively in both verbal and written form.', '\n11. Acquired project management and finance skills, including budgeting and resource allocation, and can lead projects effectively.', '12. Embraced life-long learning and committed to continuous professional development.', '13. Adept in programming and problem solving skills for developing and managing software.', '14. Identify, formulate, predict and solve real-world problems by applying Artificial Intelligence & Machine Learning principles.', '15. Proficient in efficiently managing computer system resources using cloud computing technologies.']
[2025-07-27 17:51:20] [DEBUG] [analyzer.py:119] 4 columns removed and they are ['Timestamp', 'Email Address', 'Student USN', 'Student Name']
[2025-07-27 17:51:23] [INFO] [app.py:169] Starting session b5216c2f-7015-4b38-9e8c-541f3010b039
[2025-07-27 17:51:23] [WARNING] [ChatbotSessionManager.py:185] Session b5216c2f-7015-4b38-9e8c-541f3010b039 not found in either Redis or local cache
[2025-07-27 17:51:23] [DEBUG] [utils.py:88]  Fetching data from: https://docs.google.com/spreadsheets/d/1STyEshSdfP5ilAJrjxLRRZCXnoQRYBa8fxlWJYFHPzU/export?format=csv
[2025-07-27 17:51:24] [DEBUG] [utils.py:94] ✅ Successfully loaded 46 rows and 19 columns
[2025-07-27 17:51:24] [INFO] [app.py:184] Created 230 chunks
[2025-07-27 17:51:47] [INFO] [ChatbotSessionManager.py:71] Redis connected successfully - using as primary cache
[2025-07-27 17:51:47] [INFO] [graphClass.py:37] Neo4j connected successfully
[2025-07-27 17:52:00] [INFO] [proceessor.py:39] RAG Processor initialized
[2025-07-27 17:52:09] [INFO] [app.py:169] Starting session 631d82f0-960b-41a9-8e88-a7bdd6bbf98d
[2025-07-27 17:52:09] [WARNING] [ChatbotSessionManager.py:185] Session 631d82f0-960b-41a9-8e88-a7bdd6bbf98d not found in either Redis or local cache
[2025-07-27 17:52:09] [DEBUG] [utils.py:88]  Fetching data from: https://docs.google.com/spreadsheets/d/1STyEshSdfP5ilAJrjxLRRZCXnoQRYBa8fxlWJYFHPzU/export?format=csv
[2025-07-27 17:52:10] [ERROR] [utils.py:99] Error fetching worksheet data: ('Connection aborted.', ConnectionResetError(104, 'Connection reset by peer'))
[2025-07-27 17:52:10] [ERROR] [app.py:218] Session creation failed: Failed to fetch worksheet data: ('Connection aborted.', ConnectionResetError(104, 'Connection reset by peer'))
[2025-07-27 17:52:14] [INFO] [app.py:169] Starting session 11ea04c7-5672-4b9b-b9f8-05daf29ab9f0
[2025-07-27 17:52:14] [WARNING] [ChatbotSessionManager.py:185] Session 11ea04c7-5672-4b9b-b9f8-05daf29ab9f0 not found in either Redis or local cache
[2025-07-27 17:52:14] [DEBUG] [utils.py:88]  Fetching data from: https://docs.google.com/spreadsheets/d/1STyEshSdfP5ilAJrjxLRRZCXnoQRYBa8fxlWJYFHPzU/export?format=csv
[2025-07-27 17:52:15] [DEBUG] [utils.py:94] ✅ Successfully loaded 46 rows and 19 columns
[2025-07-27 17:52:15] [INFO] [app.py:184] Created 230 chunks
[2025-07-27 17:52:37] [INFO] [ChatbotSessionManager.py:149] Session 11ea04c7-5672-4b9b-b9f8-05daf29ab9f0 stored in Redis (primary) and local cache (fallback)
[2025-07-27 17:52:37] [INFO] [app.py:209] Session 11ea04c7-5672-4b9b-b9f8-05daf29ab9f0 created successfully
[2025-07-27 17:52:45] [INFO] [app.py:224] Processing query for session 11ea04c7-5672-4b9b-b9f8-05daf29ab9f0
[2025-07-27 17:52:45] [INFO] [ChatbotSessionManager.py:167] Session 11ea04c7-5672-4b9b-b9f8-05daf29ab9f0 retrieved from Redis (primary cache)
[2025-07-27 17:52:45] [INFO] [proceessor.py:97] Retrived from Graph: []
[2025-07-27 17:53:10] [INFO] [app.py:224] Processing query for session 11ea04c7-5672-4b9b-b9f8-05daf29ab9f0
[2025-07-27 17:53:10] [INFO] [ChatbotSessionManager.py:167] Session 11ea04c7-5672-4b9b-b9f8-05daf29ab9f0 retrieved from Redis (primary cache)
[2025-07-27 17:53:10] [INFO] [proceessor.py:97] Retrived from Graph: []
[2025-07-27 17:53:33] [INFO] [app.py:224] Processing query for session 11ea04c7-5672-4b9b-b9f8-05daf29ab9f0
[2025-07-27 17:53:33] [INFO] [ChatbotSessionManager.py:167] Session 11ea04c7-5672-4b9b-b9f8-05daf29ab9f0 retrieved from Redis (primary cache)
[2025-07-27 17:53:34] [INFO] [proceessor.py:97] Retrived from Graph: []
[2025-07-27 17:56:27] [INFO] [ChatbotSessionManager.py:71] Redis connected successfully - using as primary cache
[2025-07-27 17:56:27] [INFO] [graphClass.py:37] Neo4j connected successfully
[2025-07-27 17:56:37] [INFO] [proceessor.py:39] RAG Processor initialized
[2025-07-27 17:59:18] [INFO] [ChatbotSessionManager.py:71] Redis connected successfully - using as primary cache
[2025-07-27 17:59:18] [INFO] [graphClass.py:37] Neo4j connected successfully
[2025-07-27 17:59:19] [INFO] [graphClass.py:47] SpaCy model loaded successfully
[2025-07-27 17:59:28] [INFO] [proceessor.py:37] RAG Processor initialized
[2025-07-27 17:59:42] [INFO] [ChatbotSessionManager.py:71] Redis connected successfully - using as primary cache
[2025-07-27 17:59:42] [INFO] [graphClass.py:37] Neo4j connected successfully
[2025-07-27 17:59:43] [INFO] [graphClass.py:47] SpaCy model loaded successfully
[2025-07-27 17:59:50] [INFO] [proceessor.py:37] RAG Processor initialized
[2025-07-27 18:00:01] [INFO] [app.py:169] Starting session f74ced04-1e1f-491f-aacf-fe52814a589f
[2025-07-27 18:00:01] [WARNING] [ChatbotSessionManager.py:185] Session f74ced04-1e1f-491f-aacf-fe52814a589f not found in either Redis or local cache
[2025-07-27 18:00:01] [DEBUG] [utils.py:88]  Fetching data from: https://docs.google.com/spreadsheets/d/1STyEshSdfP5ilAJrjxLRRZCXnoQRYBa8fxlWJYFHPzU/export?format=csv
[2025-07-27 18:00:02] [DEBUG] [utils.py:94] ✅ Successfully loaded 46 rows and 19 columns
[2025-07-27 18:00:02] [INFO] [proceessor.py:54] Created 230 chunks from text of length 81573
[2025-07-27 18:00:02] [DEBUG] [proceessor.py:58] Chunk 0 preview: Timestamp: 10/26/2024 10:39:10 | 1. Gained knowledge of mathematics and science required for AIML br...
[2025-07-27 18:00:02] [DEBUG] [proceessor.py:58] Chunk 1 preview: and machine learning issues.: Excellent | 5. Learned to use modern software and equipment to analyze...
[2025-07-27 18:00:02] [DEBUG] [proceessor.py:58] Chunk 2 preview: as an individual and as a member or leader in diverse, multidisciplinary teams.: Excellent | 10. Abl...
[2025-07-27 18:00:02] [INFO] [app.py:184] Created 230 chunks
[2025-07-27 18:00:07] [INFO] [proceessor.py:78] QA system created with 230 chunks
[2025-07-27 18:00:07] [INFO] [graphClass.py:85] Created session node for: f74ced04-1e1f-491f-aacf-fe52814a589f
[2025-07-27 18:00:07] [DEBUG] [graphClass.py:69] Extracted entities from 'Timestamp: 10/26/2024 10:39:10 | 1. Gained knowled...': ['safety', 'machine', 'problems', 'mathematics', 'computer', 'excellent', 'solutions', 'science', 'issues', 'branch', 'systems', 'health', 'learning', 'engineering', 'aiml', 'knowledge', 'investigations', 'intelligence', 'factors', 'timestamp']
[2025-07-27 18:00:08] [DEBUG] [graphClass.py:122] Chunk 0: 20 entities - ['safety', 'machine', 'problems', 'mathematics', 'computer']
[2025-07-27 18:00:08] [DEBUG] [graphClass.py:69] Extracted entities from 'and machine learning issues.: Excellent | 5. Learn...': ['leader', 'machine', 'problems', 'software', 'impact', 'solutions', 'need', 'member', 'individual', 'society', 'responsibility', 'excellent', 'development', 'equipment', 'learning', 'practice', 'engineering', 'issues']
[2025-07-27 18:00:08] [DEBUG] [graphClass.py:122] Chunk 1: 18 entities - ['leader', 'machine', 'problems', 'software', 'impact']
[2025-07-27 18:00:08] [DEBUG] [graphClass.py:69] Extracted entities from 'as an individual and as a member or leader in dive...': ['leader', 'member', 'individual', 'excellent', 'teams', 'form']
[2025-07-27 18:00:08] [DEBUG] [graphClass.py:122] Chunk 2: 6 entities - ['leader', 'member', 'individual', 'excellent', 'teams']
[2025-07-27 18:00:08] [DEBUG] [graphClass.py:69] Extracted entities from '11. Acquired project management and finance skills...': ['project', 'machine', 'problems', 'finance', 'principles', 'world', 'artificial', 'management', 'software', 'allocation', 'excellent', 'resource', 'problem', 'skills', 'adept', 'development', 'life', 'learning', 'budgeting', 'projects', 'programming', 'artificial intelligence & machine learning', 'intelligence']
[2025-07-27 18:00:08] [DEBUG] [graphClass.py:122] Chunk 3: 23 entities - ['project', 'machine', 'problems', 'finance', 'principles']
[2025-07-27 18:00:08] [DEBUG] [graphClass.py:69] Extracted entities from '& Machine Learning principles.: Excellent | 15. Pr...': ['computing', 'machine', 'resources', 'principles', 'computer', 'excellent', 'technologies', 'learning', 'system']
[2025-07-27 18:00:08] [DEBUG] [graphClass.py:122] Chunk 4: 9 entities - ['computing', 'machine', 'resources', 'principles', 'computer']
[2025-07-27 18:00:08] [DEBUG] [graphClass.py:69] Extracted entities from 'Timestamp: 10/26/2024 11:24:55 | Email Address: ay...': ['safety', 'problems', 'email', 'address', 'mathematics', 'computer', 'excellent', 'solutions', 'science', 'ayush aditya', 'ayush', 'branch', 'usn', 'systems', 'health', 'factors', 'engineering', 'aiml', 'email address', 'knowledge', 'student', 'aditya', 'timestamp']
[2025-07-27 18:00:08] [DEBUG] [graphClass.py:122] Chunk 5: 23 entities - ['safety', 'problems', 'email', 'address', 'mathematics']
[2025-07-27 18:00:08] [DEBUG] [graphClass.py:69] Extracted entities from 'environmental factors.: Excellent | 4. Capable of ...': ['machine', 'problems', 'software', 'impact', 'solutions', 'need', 'investigations', 'society', 'excellent', 'development', 'equipment', 'intelligence', 'learning', 'practice', 'factors', 'issues', 'engineering']
[2025-07-27 18:00:08] [DEBUG] [graphClass.py:122] Chunk 6: 17 entities - ['machine', 'problems', 'software', 'impact', 'solutions']
[2025-07-27 18:00:08] [DEBUG] [graphClass.py:69] Extracted entities from 'Excellent | 8. Understand professional and ethical...': ['leader', 'member', 'individual', 'responsibility', 'excellent', 'teams', 'form']
[2025-07-27 18:00:08] [DEBUG] [graphClass.py:122] Chunk 7: 7 entities - ['leader', 'member', 'individual', 'responsibility', 'excellent']
[2025-07-27 18:00:08] [DEBUG] [graphClass.py:69] Extracted entities from '11. Acquired project management and finance skills...': ['project', 'machine', 'problems', 'finance', 'principles', 'world', 'artificial', 'management', 'software', 'allocation', 'excellent', 'resource', 'problem', 'skills', 'adept', 'development', 'life', 'learning', 'budgeting', 'projects', 'programming', 'artificial intelligence & machine learning', 'intelligence']
[2025-07-27 18:00:09] [DEBUG] [graphClass.py:122] Chunk 8: 23 entities - ['project', 'machine', 'problems', 'finance', 'principles']
[2025-07-27 18:00:09] [DEBUG] [graphClass.py:69] Extracted entities from '& Machine Learning principles.: Excellent | 15. Pr...': ['computing', 'machine', 'resources', 'principles', 'computer', 'excellent', 'technologies', 'learning', 'system']
[2025-07-27 18:00:09] [DEBUG] [graphClass.py:122] Chunk 9: 9 entities - ['computing', 'machine', 'resources', 'principles', 'computer']
[2025-07-27 18:00:09] [DEBUG] [graphClass.py:69] Extracted entities from 'Timestamp: 10/26/2024 11:25:12 | Email Address: 20...': ['safety', 'problems', 'email', 'address', 'sunil', 'mathematics', 'computer', 'excellent', 'solutions', 'science', 'branch', 'usn', 'systems', 'health', 'engineering', 'aiml', 'email address', 'knowledge', 'student', 'advaik', 'factors', 'timestamp']
[2025-07-27 18:00:09] [DEBUG] [graphClass.py:122] Chunk 10: 22 entities - ['safety', 'problems', 'email', 'address', 'sunil']
[2025-07-27 18:00:09] [DEBUG] [graphClass.py:69] Extracted entities from 'factors.: Excellent | 4. Capable of conducting inv...': ['machine', 'problems', 'software', 'impact', 'solutions', 'need', 'investigations', 'society', 'excellent', 'development', 'equipment', 'intelligence', 'learning', 'practice', 'factors', 'issues', 'engineering']
[2025-07-27 18:00:09] [DEBUG] [graphClass.py:122] Chunk 11: 17 entities - ['machine', 'problems', 'software', 'impact', 'solutions']
[2025-07-27 18:00:09] [DEBUG] [graphClass.py:69] Extracted entities from '| 8. Understand professional and ethical responsib...': ['leader', 'member', 'individual', 'responsibility', 'excellent', 'teams', 'form']
[2025-07-27 18:00:09] [DEBUG] [graphClass.py:122] Chunk 12: 7 entities - ['leader', 'member', 'individual', 'responsibility', 'excellent']
[2025-07-27 18:00:09] [DEBUG] [graphClass.py:69] Extracted entities from '11. Acquired project management and finance skills...': ['project', 'machine', 'problems', 'finance', 'principles', 'world', 'artificial', 'management', 'software', 'allocation', 'excellent', 'resource', 'problem', 'skills', 'adept', 'development', 'life', 'learning', 'budgeting', 'projects', 'programming', 'artificial intelligence & machine learning', 'intelligence']
[2025-07-27 18:00:09] [DEBUG] [graphClass.py:122] Chunk 13: 23 entities - ['project', 'machine', 'problems', 'finance', 'principles']
[2025-07-27 18:00:09] [DEBUG] [graphClass.py:69] Extracted entities from '& Machine Learning principles.: Excellent | 15. Pr...': ['computing', 'machine', 'resources', 'principles', 'computer', 'excellent', 'technologies', 'learning', 'system']
[2025-07-27 18:00:09] [DEBUG] [graphClass.py:122] Chunk 14: 9 entities - ['computing', 'machine', 'resources', 'principles', 'computer']
[2025-07-27 18:00:09] [DEBUG] [graphClass.py:69] Extracted entities from 'Timestamp: 10/26/2024 11:25:36 | Email Address: ra...': ['safety', 'problems', 'rahul', 'email', 'malekop', 'address', 'mathematics', 'computer', 'excellent', 'solutions', 'science', 'branch', 'usn', 'systems', 'health', 'engineering', 'aiml', 'knowledge', 'student', 'factors', 'timestamp']
[2025-07-27 18:00:09] [DEBUG] [graphClass.py:122] Chunk 15: 21 entities - ['safety', 'problems', 'rahul', 'email', 'malekop']
[2025-07-27 18:00:09] [DEBUG] [graphClass.py:69] Extracted entities from 'environmental factors.: Excellent | 4. Capable of ...': ['machine', 'problems', 'software', 'impact', 'solutions', 'need', 'investigations', 'society', 'excellent', 'development', 'equipment', 'intelligence', 'learning', 'practice', 'factors', 'issues', 'engineering']
[2025-07-27 18:00:09] [DEBUG] [graphClass.py:122] Chunk 16: 17 entities - ['machine', 'problems', 'software', 'impact', 'solutions']
[2025-07-27 18:00:09] [DEBUG] [graphClass.py:69] Extracted entities from 'Excellent | 8. Understand professional and ethical...': ['leader', 'member', 'individual', 'responsibility', 'excellent', 'teams', 'form']
[2025-07-27 18:00:10] [DEBUG] [graphClass.py:122] Chunk 17: 7 entities - ['leader', 'member', 'individual', 'responsibility', 'excellent']
[2025-07-27 18:00:10] [DEBUG] [graphClass.py:69] Extracted entities from '11. Acquired project management and finance skills...': ['project', 'machine', 'problems', 'finance', 'principles', 'world', 'artificial', 'management', 'software', 'allocation', 'excellent', 'resource', 'problem', 'skills', 'adept', 'development', 'life', 'learning', 'budgeting', 'projects', 'programming', 'artificial intelligence & machine learning', 'intelligence']
[2025-07-27 18:00:10] [DEBUG] [graphClass.py:122] Chunk 18: 23 entities - ['project', 'machine', 'problems', 'finance', 'principles']
[2025-07-27 18:00:10] [DEBUG] [graphClass.py:69] Extracted entities from '& Machine Learning principles.: Excellent | 15. Pr...': ['computing', 'machine', 'resources', 'principles', 'computer', 'excellent', 'technologies', 'learning', 'system']
[2025-07-27 18:00:10] [DEBUG] [graphClass.py:122] Chunk 19: 9 entities - ['computing', 'machine', 'resources', 'principles', 'computer']
[2025-07-27 18:00:10] [DEBUG] [graphClass.py:69] Extracted entities from 'Timestamp: 10/26/2024 11:25:43 | Email Address: ch...': ['safety', 'problems', 'email', 'address', 'very good', 'mathematics', 'computer', 'excellent', 'science', 'solutions', 'choubey', 'branch', 'usn', 'kumar', 'systems', 'health', 'aditya kumar choubey', 'factors', 'engineering', 'aiml', 'email address', 'knowledge', 'student', 'choubeyaditya123@gmail.com', 'aditya', 'timestamp']
[2025-07-27 18:00:10] [DEBUG] [graphClass.py:122] Chunk 20: 26 entities - ['safety', 'problems', 'email', 'address', 'very good']
[2025-07-27 18:00:10] [DEBUG] [graphClass.py:69] Extracted entities from 'environmental factors.: Very Good | 4. Capable of ...': ['very good', 'machine', 'problems', 'software', 'impact', 'solutions', 'need', 'investigations', 'society', 'excellent', 'development', 'equipment', 'intelligence', 'learning', 'practice', 'factors', 'issues', 'engineering']
[2025-07-27 18:00:10] [DEBUG] [graphClass.py:122] Chunk 21: 18 entities - ['very good', 'machine', 'problems', 'software', 'impact']
[2025-07-27 18:00:10] [DEBUG] [graphClass.py:69] Extracted entities from 'Very Good | 8. Understand professional and ethical...': ['leader', 'very good', 'member', 'individual', 'responsibility', 'excellent', 'teams', 'form']
[2025-07-27 18:00:10] [DEBUG] [graphClass.py:122] Chunk 22: 8 entities - ['leader', 'very good', 'member', 'individual', 'responsibility']
[2025-07-27 18:00:10] [DEBUG] [graphClass.py:69] Extracted entities from '11. Acquired project management and finance skills...': ['project', 'machine', 'problems', 'finance', 'principles', 'world', 'artificial', 'management', 'software', 'allocation', 'excellent', 'resource', 'problem', 'skills', 'adept', 'development', 'life', 'learning', 'budgeting', 'projects', 'programming', 'artificial intelligence & machine learning', 'intelligence']
[2025-07-27 18:00:10] [DEBUG] [graphClass.py:122] Chunk 23: 23 entities - ['project', 'machine', 'problems', 'finance', 'principles']
[2025-07-27 18:00:10] [DEBUG] [graphClass.py:69] Extracted entities from '& Machine Learning principles.: Excellent | 15. Pr...': ['computing', 'machine', 'resources', 'principles', 'computer', 'excellent', 'technologies', 'learning', 'system']
[2025-07-27 18:00:10] [DEBUG] [graphClass.py:122] Chunk 24: 9 entities - ['computing', 'machine', 'resources', 'principles', 'computer']
[2025-07-27 18:00:10] [DEBUG] [graphClass.py:69] Extracted entities from 'Timestamp: 10/26/2024 11:25:50 | Email Address: ra...': ['safety', 'problems', 'email', 'rakesh', 'address', 'very good', 'mathematics', 'computer', 'solutions', 'science', 'branch', 'usn', 'systems', 'health', 'engineering', 'aiml', 'email address', 'knowledge', 'student', 'factors', 'timestamp']
[2025-07-27 18:00:10] [DEBUG] [graphClass.py:122] Chunk 25: 21 entities - ['safety', 'problems', 'email', 'rakesh', 'address']
[2025-07-27 18:00:10] [DEBUG] [graphClass.py:69] Extracted entities from 'factors.: Very Good | 4. Capable of conducting inv...': ['very good', 'machine', 'problems', 'software', 'impact', 'solutions', 'need', 'investigations', 'society', 'development', 'equipment', 'intelligence', 'learning', 'practice', 'factors', 'issues', 'engineering']
[2025-07-27 18:00:11] [DEBUG] [graphClass.py:122] Chunk 26: 17 entities - ['very good', 'machine', 'problems', 'software', 'impact']
[2025-07-27 18:00:11] [DEBUG] [graphClass.py:69] Extracted entities from 'Good | 8. Understand professional and ethical resp...': ['leader', 'very good', 'member', 'individual', 'responsibility', 'teams', 'form']
[2025-07-27 18:00:11] [DEBUG] [graphClass.py:122] Chunk 27: 7 entities - ['leader', 'very good', 'member', 'individual', 'responsibility']
[2025-07-27 18:00:11] [DEBUG] [graphClass.py:69] Extracted entities from '11. Acquired project management and finance skills...': ['project', 'machine', 'problems', 'finance', 'principles', 'world', 'artificial', 'management', 'very good', 'software', 'allocation', 'resource', 'problem', 'skills', 'adept', 'development', 'life', 'learning', 'budgeting', 'projects', 'programming', 'artificial intelligence & machine learning', 'intelligence']
[2025-07-27 18:00:11] [DEBUG] [graphClass.py:122] Chunk 28: 23 entities - ['project', 'machine', 'problems', 'finance', 'principles']
[2025-07-27 18:00:11] [DEBUG] [graphClass.py:69] Extracted entities from '& Machine Learning principles.: Very  Good | 15. P...': ['very good', 'computing', 'machine', 'resources', 'principles', 'computer', 'technologies', 'learning', 'system']
[2025-07-27 18:00:11] [DEBUG] [graphClass.py:122] Chunk 29: 9 entities - ['very good', 'computing', 'machine', 'resources', 'principles']
[2025-07-27 18:00:11] [DEBUG] [graphClass.py:69] Extracted entities from 'Timestamp: 10/26/2024 11:25:58 | Email Address: sa...': ['safety', 'problems', 'email', 'address', 'very good', 'mathematics', 'computer', 'solutions', 'science', 'samiksha', 'branch', 'usn', 'systems', 'samiksha mehta', 'health', 'engineering', 'aiml', 'email address', 'mehta', 'knowledge', 'student', 'factors', 'timestamp']
[2025-07-27 18:00:11] [DEBUG] [graphClass.py:122] Chunk 30: 23 entities - ['safety', 'problems', 'email', 'address', 'very good']
[2025-07-27 18:00:11] [DEBUG] [graphClass.py:69] Extracted entities from 'and environmental factors.: Good | 4. Capable of c...': ['very good', 'machine', 'problems', 'software', 'impact', 'solutions', 'need', 'investigations', 'society', 'development', 'equipment', 'intelligence', 'learning', 'practice', 'factors', 'issues', 'engineering']
[2025-07-27 18:00:11] [DEBUG] [graphClass.py:122] Chunk 31: 17 entities - ['very good', 'machine', 'problems', 'software', 'impact']
[2025-07-27 18:00:11] [DEBUG] [graphClass.py:69] Extracted entities from 'Good | 8. Understand professional and ethical resp...': ['leader', 'very good', 'member', 'individual', 'responsibility', 'excellent', 'teams', 'form']
[2025-07-27 18:00:11] [DEBUG] [graphClass.py:122] Chunk 32: 8 entities - ['leader', 'very good', 'member', 'individual', 'responsibility']
[2025-07-27 18:00:11] [DEBUG] [graphClass.py:69] Extracted entities from '11. Acquired project management and finance skills...': ['project', 'machine', 'problems', 'finance', 'principles', 'world', 'artificial', 'management', 'software', 'allocation', 'excellent', 'resource', 'problem', 'skills', 'adept', 'development', 'life', 'learning', 'budgeting', 'projects', 'programming', 'artificial intelligence & machine learning', 'intelligence']
[2025-07-27 18:00:11] [DEBUG] [graphClass.py:122] Chunk 33: 23 entities - ['project', 'machine', 'problems', 'finance', 'principles']
[2025-07-27 18:00:11] [DEBUG] [graphClass.py:69] Extracted entities from '& Machine Learning principles.: Excellent | 15. Pr...': ['computing', 'machine', 'resources', 'principles', 'computer', 'excellent', 'technologies', 'learning', 'system']
[2025-07-27 18:00:11] [DEBUG] [graphClass.py:122] Chunk 34: 9 entities - ['computing', 'machine', 'resources', 'principles', 'computer']
[2025-07-27 18:00:11] [DEBUG] [graphClass.py:69] Extracted entities from 'Timestamp: 10/26/2024 11:27:16 | Email Address: 20...': ['safety', 'problems', 'email', 'yash', 'yash rathi', 'address', 'mathematics', 'computer', 'solutions', 'science', 'branch', 'usn', 'systems', 'health', 'engineering', 'aiml', 'rathi', 'email address', 'knowledge', 'investigations', 'student', 'factors', 'timestamp']
[2025-07-27 18:00:12] [DEBUG] [graphClass.py:122] Chunk 35: 23 entities - ['safety', 'problems', 'email', 'yash', 'yash rathi']
[2025-07-27 18:00:12] [DEBUG] [graphClass.py:69] Extracted entities from 'Good | 4. Capable of conducting investigations int...': ['very good', 'machine', 'problems', 'software', 'impact', 'solutions', 'need', 'investigations', 'society', 'development', 'responsibility', 'equipment', 'intelligence', 'learning', 'practice', 'engineering', 'issues']
[2025-07-27 18:00:12] [DEBUG] [graphClass.py:122] Chunk 36: 17 entities - ['very good', 'machine', 'problems', 'software', 'impact']
[2025-07-27 18:00:12] [DEBUG] [graphClass.py:69] Extracted entities from 'professional and ethical responsibility.: Satisfac...': ['very good', 'leader', 'member', 'individual', 'form', 'responsibility', 'teams', 'professional and ethical']
[2025-07-27 18:00:12] [DEBUG] [graphClass.py:122] Chunk 37: 8 entities - ['very good', 'leader', 'member', 'individual', 'form']
[2025-07-27 18:00:12] [DEBUG] [graphClass.py:69] Extracted entities from '11. Acquired project management and finance skills...': ['project', 'machine', 'problems', 'finance', 'principles', 'world', 'artificial', 'management', 'satisfactory', 'very good', 'software', 'allocation', 'resource', 'problem', 'skills', 'adept', 'development', 'life', 'learning', 'budgeting', 'projects', 'programming', 'artificial intelligence & machine learning', 'intelligence']
[2025-07-27 18:00:12] [DEBUG] [graphClass.py:122] Chunk 38: 24 entities - ['project', 'machine', 'problems', 'finance', 'principles']
[2025-07-27 18:00:12] [DEBUG] [graphClass.py:69] Extracted entities from '& Machine Learning principles.: Very  Good | 15. P...': ['computing', 'machine', 'resources', 'principles', 'computer', 'technologies', 'learning', 'system']
[2025-07-27 18:00:12] [DEBUG] [graphClass.py:122] Chunk 39: 8 entities - ['computing', 'machine', 'resources', 'principles', 'computer']
[2025-07-27 18:00:12] [DEBUG] [graphClass.py:69] Extracted entities from 'Timestamp: 10/26/2024 11:27:35 | Email Address: po...': ['safety', 'problems', 'email', 'singari', 'address', 'pooja', 'very good', 'pooja singari', 'mathematics', 'computer', 'solutions', 'science', 'branch', 'usn', 'systems', 'health', 'engineering', 'aiml', 'email address', 'knowledge', 'student', 'factors', 'timestamp']
[2025-07-27 18:00:12] [DEBUG] [graphClass.py:122] Chunk 40: 23 entities - ['safety', 'problems', 'email', 'singari', 'address']
[2025-07-27 18:00:12] [DEBUG] [graphClass.py:69] Extracted entities from 'factors.: Very Good | 4. Capable of conducting inv...': ['very good', 'machine', 'problems', 'software', 'impact', 'solutions', 'need', 'investigations', 'society', 'development', 'equipment', 'intelligence', 'learning', 'practice', 'factors', 'issues', 'engineering']
[2025-07-27 18:00:12] [DEBUG] [graphClass.py:122] Chunk 41: 17 entities - ['very good', 'machine', 'problems', 'software', 'impact']
[2025-07-27 18:00:12] [DEBUG] [graphClass.py:69] Extracted entities from 'Good | 8. Understand professional and ethical resp...': ['leader', 'very good', 'member', 'individual', 'responsibility', 'teams', 'form']
[2025-07-27 18:00:12] [DEBUG] [graphClass.py:122] Chunk 42: 7 entities - ['leader', 'very good', 'member', 'individual', 'responsibility']
[2025-07-27 18:00:12] [DEBUG] [graphClass.py:69] Extracted entities from '11. Acquired project management and finance skills...': ['project', 'machine', 'problems', 'finance', 'principles', 'world', 'artificial', 'management', 'very good', 'software', 'allocation', 'resource', 'problem', 'skills', 'adept', 'development', 'life', 'learning', 'budgeting', 'projects', 'programming', 'artificial intelligence & machine learning', 'intelligence']
[2025-07-27 18:00:13] [DEBUG] [graphClass.py:122] Chunk 43: 23 entities - ['project', 'machine', 'problems', 'finance', 'principles']
[2025-07-27 18:00:13] [DEBUG] [graphClass.py:69] Extracted entities from '& Machine Learning principles.: Very  Good | 15. P...': ['very good', 'computing', 'machine', 'resources', 'principles', 'computer', 'technologies', 'learning', 'system']
[2025-07-27 18:00:13] [DEBUG] [graphClass.py:122] Chunk 44: 9 entities - ['very good', 'computing', 'machine', 'resources', 'principles']
[2025-07-27 18:00:13] [DEBUG] [graphClass.py:69] Extracted entities from 'Timestamp: 10/26/2024 11:28:25 | Email Address: ku...': ['safety', 'problems', 'email', 'address', 'very good', 'mathematics', 'computer', 'excellent', 'omprakash', 'solutions', 'science', 'branch', 'usn', 'kumar', 'systems', 'health', 'engineering', 'aiml', 'email address', 'knowledge', 'student', 'factors', 'timestamp']
[2025-07-27 18:00:13] [DEBUG] [graphClass.py:122] Chunk 45: 23 entities - ['safety', 'problems', 'email', 'address', 'very good']
[2025-07-27 18:00:13] [DEBUG] [graphClass.py:69] Extracted entities from 'environmental factors.: Very Good | 4. Capable of ...': ['very good', 'machine', 'problems', 'software', 'impact', 'solutions', 'need', 'investigations', 'society', 'development', 'equipment', 'intelligence', 'learning', 'practice', 'factors', 'issues', 'engineering']
[2025-07-27 18:00:13] [DEBUG] [graphClass.py:122] Chunk 46: 17 entities - ['very good', 'machine', 'problems', 'software', 'impact']
[2025-07-27 18:00:13] [DEBUG] [graphClass.py:69] Extracted entities from 'Very Good | 8. Understand professional and ethical...': ['leader', 'very good', 'member', 'individual', 'responsibility', 'teams', 'form']
[2025-07-27 18:00:13] [DEBUG] [graphClass.py:122] Chunk 47: 7 entities - ['leader', 'very good', 'member', 'individual', 'responsibility']
[2025-07-27 18:00:13] [DEBUG] [graphClass.py:69] Extracted entities from '11. Acquired project management and finance skills...': ['project', 'machine', 'problems', 'finance', 'principles', 'world', 'artificial', 'management', 'very good', 'software', 'allocation', 'resource', 'problem', 'skills', 'adept', 'development', 'life', 'learning', 'budgeting', 'projects', 'programming', 'artificial intelligence & machine learning', 'intelligence']
[2025-07-27 18:00:13] [DEBUG] [graphClass.py:122] Chunk 48: 23 entities - ['project', 'machine', 'problems', 'finance', 'principles']
[2025-07-27 18:00:13] [DEBUG] [graphClass.py:69] Extracted entities from '& Machine Learning principles.: Very  Good | 15. P...': ['computing', 'machine', 'resources', 'principles', 'computer', 'technologies', 'learning', 'system']
[2025-07-27 18:00:13] [DEBUG] [graphClass.py:122] Chunk 49: 8 entities - ['computing', 'machine', 'resources', 'principles', 'computer']
[2025-07-27 18:00:13] [DEBUG] [graphClass.py:69] Extracted entities from 'Timestamp: 10/26/2024 11:28:51 | Email Address: an...': ['safety', 'problems', 'bhambore', 'email', 'address', 'very good', 'mathematics', 'computer', 'excellent', 'anusha bhambore  | 1', 'solutions', 'science', 'branch', 'usn', 'systems', 'health', 'engineering', 'aiml', 'email address', 'anusha', 'knowledge', 'student', 'factors', 'timestamp']
[2025-07-27 18:00:13] [DEBUG] [graphClass.py:122] Chunk 50: 24 entities - ['safety', 'problems', 'bhambore', 'email', 'address']
[2025-07-27 18:00:13] [DEBUG] [graphClass.py:69] Extracted entities from 'environmental factors.: Excellent | 4. Capable of ...': ['machine', 'problems', 'software', 'impact', 'solutions', 'need', 'investigations', 'society', 'excellent', 'development', 'equipment', 'intelligence', 'learning', 'practice', 'factors', 'issues', 'engineering']
[2025-07-27 18:00:13] [DEBUG] [graphClass.py:122] Chunk 51: 17 entities - ['machine', 'problems', 'software', 'impact', 'solutions']
[2025-07-27 18:00:13] [DEBUG] [graphClass.py:69] Extracted entities from 'Excellent | 8. Understand professional and ethical...': ['leader', 'member', 'individual', 'responsibility', 'excellent', 'teams', 'form']
[2025-07-27 18:00:13] [DEBUG] [graphClass.py:122] Chunk 52: 7 entities - ['leader', 'member', 'individual', 'responsibility', 'excellent']
[2025-07-27 18:00:13] [DEBUG] [graphClass.py:69] Extracted entities from '11. Acquired project management and finance skills...': ['project', 'machine', 'problems', 'finance', 'principles', 'world', 'artificial', 'management', 'software', 'allocation', 'excellent', 'resource', 'problem', 'skills', 'adept', 'development', 'life', 'learning', 'budgeting', 'projects', 'programming', 'artificial intelligence & machine learning', 'intelligence']
[2025-07-27 18:00:14] [DEBUG] [graphClass.py:122] Chunk 53: 23 entities - ['project', 'machine', 'problems', 'finance', 'principles']
[2025-07-27 18:00:14] [DEBUG] [graphClass.py:69] Extracted entities from '& Machine Learning principles.: Very  Good | 15. P...': ['very good', 'computing', 'machine', 'resources', 'principles', 'computer', 'technologies', 'learning', 'system']
[2025-07-27 18:00:14] [DEBUG] [graphClass.py:122] Chunk 54: 9 entities - ['very good', 'computing', 'machine', 'resources', 'principles']
[2025-07-27 18:00:14] [DEBUG] [graphClass.py:69] Extracted entities from 'Timestamp: 10/26/2024 11:30:34 | Email Address: 20...': ['safety', 'problems', 'email', 'address', 'very good', 'rakshit', 'halijol', 'mathematics', 'computer', 'solutions', 'science', 'branch', 'usn', 'systems', 'health', 'engineering', 'aiml', 'email address', 'knowledge', 'student', 'factors', 'timestamp']
[2025-07-27 18:00:14] [DEBUG] [graphClass.py:122] Chunk 55: 22 entities - ['safety', 'problems', 'email', 'address', 'very good']
[2025-07-27 18:00:14] [DEBUG] [graphClass.py:69] Extracted entities from 'environmental factors.: Very Good | 4. Capable of ...': ['very good', 'machine', 'problems', 'software', 'impact', 'solutions', 'need', 'investigations', 'society', 'development', 'equipment', 'intelligence', 'learning', 'practice', 'factors', 'issues', 'engineering']
[2025-07-27 18:00:14] [DEBUG] [graphClass.py:122] Chunk 56: 17 entities - ['very good', 'machine', 'problems', 'software', 'impact']
[2025-07-27 18:00:14] [DEBUG] [graphClass.py:69] Extracted entities from 'Very Good | 8. Understand professional and ethical...': ['leader', 'very good', 'member', 'individual', 'responsibility', 'teams', 'form']
[2025-07-27 18:00:14] [DEBUG] [graphClass.py:122] Chunk 57: 7 entities - ['leader', 'very good', 'member', 'individual', 'responsibility']
[2025-07-27 18:00:14] [DEBUG] [graphClass.py:69] Extracted entities from '11. Acquired project management and finance skills...': ['project', 'machine', 'problems', 'finance', 'principles', 'world', 'artificial', 'management', 'very good', 'software', 'allocation', 'resource', 'problem', 'skills', 'adept', 'development', 'life', 'learning', 'budgeting', 'projects', 'programming', 'artificial intelligence & machine learning', 'intelligence']
[2025-07-27 18:00:14] [DEBUG] [graphClass.py:122] Chunk 58: 23 entities - ['project', 'machine', 'problems', 'finance', 'principles']
[2025-07-27 18:00:14] [DEBUG] [graphClass.py:69] Extracted entities from '& Machine Learning principles.: Very  Good | 15. P...': ['very good', 'computing', 'machine', 'resources', 'principles', 'computer', 'technologies', 'learning', 'system']
[2025-07-27 18:00:14] [DEBUG] [graphClass.py:122] Chunk 59: 9 entities - ['very good', 'computing', 'machine', 'resources', 'principles']
[2025-07-27 18:00:14] [DEBUG] [graphClass.py:69] Extracted entities from 'Timestamp: 10/26/2024 11:31:45 | Email Address: 20...': ['ashif', 'safety', 'problems', 'email', 'address', 'very good', 'mathematics', 'computer', 'excellent', 'solutions', 'science', 'branch', 'usn', 'systems', 'health', 'engineering', 'aiml', 'email address', 'knowledge', 'student', 'alam', 'factors', 'timestamp']
[2025-07-27 18:00:14] [DEBUG] [graphClass.py:122] Chunk 60: 23 entities - ['ashif', 'safety', 'problems', 'email', 'address']
[2025-07-27 18:00:14] [DEBUG] [graphClass.py:69] Extracted entities from 'factors.: Very Good | 4. Capable of conducting inv...': ['very good', 'machine', 'problems', 'software', 'impact', 'solutions', 'need', 'investigations', 'society', 'excellent', 'development', 'equipment', 'intelligence', 'learning', 'practice', 'factors', 'issues', 'engineering']
[2025-07-27 18:00:14] [DEBUG] [graphClass.py:122] Chunk 61: 18 entities - ['very good', 'machine', 'problems', 'software', 'impact']
[2025-07-27 18:00:14] [DEBUG] [graphClass.py:69] Extracted entities from 'Good | 8. Understand professional and ethical resp...': ['leader', 'member', 'individual', 'responsibility', 'excellent', 'teams', 'form']
[2025-07-27 18:00:14] [DEBUG] [graphClass.py:122] Chunk 62: 7 entities - ['leader', 'member', 'individual', 'responsibility', 'excellent']
[2025-07-27 18:00:14] [DEBUG] [graphClass.py:69] Extracted entities from '11. Acquired project management and finance skills...': ['project', 'machine', 'problems', 'finance', 'principles', 'world', 'artificial', 'management', 'software', 'allocation', 'excellent', 'resource', 'problem', 'skills', 'adept', 'development', 'life', 'learning', 'budgeting', 'projects', 'programming', 'artificial intelligence & machine learning', 'intelligence']
[2025-07-27 18:00:15] [DEBUG] [graphClass.py:122] Chunk 63: 23 entities - ['project', 'machine', 'problems', 'finance', 'principles']
[2025-07-27 18:00:15] [DEBUG] [graphClass.py:69] Extracted entities from '& Machine Learning principles.: Excellent | 15. Pr...': ['computing', 'machine', 'resources', 'principles', 'computer', 'excellent', 'technologies', 'learning', 'system']
[2025-07-27 18:00:15] [DEBUG] [graphClass.py:122] Chunk 64: 9 entities - ['computing', 'machine', 'resources', 'principles', 'computer']
[2025-07-27 18:00:15] [DEBUG] [graphClass.py:69] Extracted entities from 'Timestamp: 10/26/2024 11:31:55 | Email Address: 1d...': ['safety', 'problems', 'email', 'address', 'very good', 'mathematics', 'computer', 'solutions', 'science', 'branch', 'usn', 'systems', 'health', 'engineering', 'gaur', 'aiml', 'email address', 'knowledge', 'student', 'peeyush', 'factors', 'timestamp']
[2025-07-27 18:00:15] [DEBUG] [graphClass.py:122] Chunk 65: 22 entities - ['safety', 'problems', 'email', 'address', 'very good']
[2025-07-27 18:00:15] [DEBUG] [graphClass.py:69] Extracted entities from 'factors.: Very Good | 4. Capable of conducting inv...': ['very good', 'machine', 'problems', 'software', 'impact', 'solutions', 'need', 'investigations', 'society', 'development', 'equipment', 'intelligence', 'learning', 'practice', 'factors', 'issues', 'engineering']
[2025-07-27 18:00:15] [DEBUG] [graphClass.py:122] Chunk 66: 17 entities - ['very good', 'machine', 'problems', 'software', 'impact']
[2025-07-27 18:00:15] [DEBUG] [graphClass.py:69] Extracted entities from 'Good | 8. Understand professional and ethical resp...': ['leader', 'very good', 'member', 'individual', 'responsibility', 'teams', 'form']
[2025-07-27 18:00:15] [DEBUG] [graphClass.py:122] Chunk 67: 7 entities - ['leader', 'very good', 'member', 'individual', 'responsibility']
[2025-07-27 18:00:15] [DEBUG] [graphClass.py:69] Extracted entities from '11. Acquired project management and finance skills...': ['project', 'machine', 'problems', 'finance', 'principles', 'world', 'artificial', 'management', 'very good', 'software', 'allocation', 'resource', 'problem', 'skills', 'adept', 'development', 'life', 'learning', 'budgeting', 'projects', 'programming', 'artificial intelligence & machine learning', 'intelligence']
[2025-07-27 18:00:15] [DEBUG] [graphClass.py:122] Chunk 68: 23 entities - ['project', 'machine', 'problems', 'finance', 'principles']
[2025-07-27 18:00:15] [DEBUG] [graphClass.py:69] Extracted entities from '& Machine Learning principles.: Very  Good | 15. P...': ['very good', 'computing', 'machine', 'resources', 'principles', 'computer', 'technologies', 'learning', 'system']
[2025-07-27 18:00:15] [DEBUG] [graphClass.py:122] Chunk 69: 9 entities - ['very good', 'computing', 'machine', 'resources', 'principles']
[2025-07-27 18:00:15] [DEBUG] [graphClass.py:69] Extracted entities from 'Timestamp: 10/26/2024 11:32:03 | Email Address: pu...': ['safety', 'problems', 'email', 'address', 'mathematics', 'computer', 'excellent', 'solutions', 'science', 'branch', 'usn', 'systems', 'health', 'factors', 'engineering', 'aiml', 'knowledge', 'student', 'puneeth', 'timestamp']
[2025-07-27 18:00:14] [DEBUG] [graphClass.py:122] Chunk 70: 20 entities - ['safety', 'problems', 'email', 'address', 'mathematics']
[2025-07-27 18:00:14] [DEBUG] [graphClass.py:69] Extracted entities from 'factors.: Excellent | 4. Capable of conducting inv...': ['machine', 'problems', 'software', 'impact', 'solutions', 'need', 'investigations', 'society', 'excellent', 'development', 'equipment', 'intelligence', 'learning', 'practice', 'factors', 'issues', 'engineering']
[2025-07-27 18:00:14] [DEBUG] [graphClass.py:122] Chunk 71: 17 entities - ['machine', 'problems', 'software', 'impact', 'solutions']
[2025-07-27 18:00:14] [DEBUG] [graphClass.py:69] Extracted entities from '| 8. Understand professional and ethical responsib...': ['leader', 'member', 'individual', 'responsibility', 'excellent', 'teams', 'form']
[2025-07-27 18:00:14] [DEBUG] [graphClass.py:122] Chunk 72: 7 entities - ['leader', 'member', 'individual', 'responsibility', 'excellent']
[2025-07-27 18:00:14] [DEBUG] [graphClass.py:69] Extracted entities from '11. Acquired project management and finance skills...': ['project', 'machine', 'problems', 'finance', 'principles', 'world', 'artificial', 'management', 'software', 'allocation', 'excellent', 'resource', 'problem', 'skills', 'adept', 'development', 'life', 'learning', 'budgeting', 'projects', 'programming', 'artificial intelligence & machine learning', 'intelligence']
[2025-07-27 18:00:14] [DEBUG] [graphClass.py:122] Chunk 73: 23 entities - ['project', 'machine', 'problems', 'finance', 'principles']
[2025-07-27 18:00:14] [DEBUG] [graphClass.py:69] Extracted entities from '& Machine Learning principles.: Excellent | 15. Pr...': ['computing', 'machine', 'resources', 'principles', 'computer', 'excellent', 'technologies', 'learning', 'system']
[2025-07-27 18:00:14] [DEBUG] [graphClass.py:122] Chunk 74: 9 entities - ['computing', 'machine', 'resources', 'principles', 'computer']
[2025-07-27 18:00:14] [DEBUG] [graphClass.py:69] Extracted entities from 'Timestamp: 10/26/2024 11:32:06 | Email Address: 20...': ['safety', 'problems', 'email', 'address', 'mathematics', 'computer', 'excellent', 'solutions', 'science', 'branch', 'usn', 'systems', 'health', 'shreyas', 'engineering', 'aiml', 'email address', 'knowledge', 'student', 'factors', 'timestamp']
[2025-07-27 18:00:15] [DEBUG] [graphClass.py:122] Chunk 75: 21 entities - ['safety', 'problems', 'email', 'address', 'mathematics']
[2025-07-27 18:00:15] [DEBUG] [graphClass.py:69] Extracted entities from 'factors.: Excellent | 4. Capable of conducting inv...': ['machine', 'problems', 'software', 'impact', 'solutions', 'need', 'investigations', 'society', 'excellent', 'development', 'equipment', 'intelligence', 'learning', 'practice', 'factors', 'issues', 'engineering']
[2025-07-27 18:00:15] [DEBUG] [graphClass.py:122] Chunk 76: 17 entities - ['machine', 'problems', 'software', 'impact', 'solutions']
[2025-07-27 18:00:15] [DEBUG] [graphClass.py:69] Extracted entities from '| 8. Understand professional and ethical responsib...': ['leader', 'member', 'individual', 'responsibility', 'excellent', 'teams', 'form']
[2025-07-27 18:00:15] [DEBUG] [graphClass.py:122] Chunk 77: 7 entities - ['leader', 'member', 'individual', 'responsibility', 'excellent']
[2025-07-27 18:00:15] [DEBUG] [graphClass.py:69] Extracted entities from '11. Acquired project management and finance skills...': ['project', 'machine', 'problems', 'finance', 'principles', 'world', 'artificial', 'management', 'software', 'allocation', 'excellent', 'resource', 'problem', 'skills', 'adept', 'development', 'life', 'learning', 'budgeting', 'projects', 'programming', 'artificial intelligence & machine learning', 'intelligence']
[2025-07-27 18:00:15] [DEBUG] [graphClass.py:122] Chunk 78: 23 entities - ['project', 'machine', 'problems', 'finance', 'principles']
[2025-07-27 18:00:15] [DEBUG] [graphClass.py:69] Extracted entities from '& Machine Learning principles.: Excellent | 15. Pr...': ['computing', 'machine', 'resources', 'principles', 'computer', 'excellent', 'technologies', 'learning', 'system']
[2025-07-27 18:00:15] [DEBUG] [graphClass.py:122] Chunk 79: 9 entities - ['computing', 'machine', 'resources', 'principles', 'computer']
[2025-07-27 18:00:15] [DEBUG] [graphClass.py:69] Extracted entities from 'Timestamp: 10/26/2024 11:32:13 | Email Address: ma...': ['safety', 'problems', 'bukapindi', 'email', 'manikanta', 'address', 'very good', 'mathematics', 'computer', 'solutions', 'science', 'branch', 'usn', 'systems', 'health', 'engineering', 'aiml', 'email address', 'student name', 'knowledge', 'student', 'factors', 'timestamp']
[2025-07-27 18:00:15] [DEBUG] [graphClass.py:122] Chunk 80: 23 entities - ['safety', 'problems', 'bukapindi', 'email', 'manikanta']
[2025-07-27 18:00:15] [DEBUG] [graphClass.py:69] Extracted entities from 'environmental factors.: Very Good | 4. Capable of ...': ['very good', 'machine', 'problems', 'software', 'impact', 'solutions', 'need', 'investigations', 'society', 'development', 'equipment', 'intelligence', 'learning', 'practice', 'factors', 'issues', 'engineering']
[2025-07-27 18:00:15] [DEBUG] [graphClass.py:122] Chunk 81: 17 entities - ['very good', 'machine', 'problems', 'software', 'impact']
[2025-07-27 18:00:15] [DEBUG] [graphClass.py:69] Extracted entities from 'Good | 8. Understand professional and ethical resp...': ['leader', 'very good', 'member', 'individual', 'responsibility', 'teams', 'form']
[2025-07-27 18:00:15] [DEBUG] [graphClass.py:122] Chunk 82: 7 entities - ['leader', 'very good', 'member', 'individual', 'responsibility']
[2025-07-27 18:00:15] [DEBUG] [graphClass.py:69] Extracted entities from '11. Acquired project management and finance skills...': ['project', 'machine', 'problems', 'finance', 'principles', 'world', 'artificial', 'management', 'very good', 'software', 'allocation', 'resource', 'problem', 'skills', 'adept', 'development', 'life', 'learning', 'budgeting', 'projects', 'programming', 'artificial intelligence & machine learning', 'intelligence']
[2025-07-27 18:00:15] [DEBUG] [graphClass.py:122] Chunk 83: 23 entities - ['project', 'machine', 'problems', 'finance', 'principles']
[2025-07-27 18:00:15] [DEBUG] [graphClass.py:69] Extracted entities from 'Learning principles.: Good | 15. Proficient in eff...': ['computing', 'resources', 'principles', 'computer', 'technologies', 'system']
[2025-07-27 18:00:16] [DEBUG] [graphClass.py:122] Chunk 84: 6 entities - ['computing', 'resources', 'principles', 'computer', 'technologies']
[2025-07-27 18:00:16] [DEBUG] [graphClass.py:69] Extracted entities from 'Timestamp: 10/26/2024 11:33:58 | Email Address: 20...': ['safety', 'problems', 'email', 'address', 'very good', 'guru akhil', 'mathematics', 'computer', 'solutions', 'science', 'akhil', 'branch', 'usn', 'systems', 'health', 'engineering', 'aiml', 'email address', 'knowledge', 'guru', 'student', 'factors', 'timestamp']
[2025-07-27 18:00:16] [DEBUG] [graphClass.py:122] Chunk 85: 23 entities - ['safety', 'problems', 'email', 'address', 'very good']
[2025-07-27 18:00:16] [DEBUG] [graphClass.py:69] Extracted entities from 'factors.: Good | 4. Capable of conducting investig...': ['machine', 'problems', 'need', 'responsibility', 'very good', 'software', 'society', 'excellent', 'solutions', 'issues', 'impact', 'development', 'learning', 'practice', 'engineering', 'investigations', 'equipment', 'intelligence', 'factors']
[2025-07-27 18:00:16] [DEBUG] [graphClass.py:122] Chunk 86: 19 entities - ['machine', 'problems', 'need', 'responsibility', 'very good']
[2025-07-27 18:00:16] [DEBUG] [graphClass.py:69] Extracted entities from 'professional and ethical responsibility.: Excellen...': ['very good', 'leader', 'member', 'individual', 'form', 'responsibility', 'excellent', 'teams', 'professional and ethical']
[2025-07-27 18:00:16] [DEBUG] [graphClass.py:122] Chunk 87: 9 entities - ['very good', 'leader', 'member', 'individual', 'form']
[2025-07-27 18:00:16] [DEBUG] [graphClass.py:69] Extracted entities from '11. Acquired project management and finance skills...': ['project', 'machine', 'problems', 'finance', 'principles', 'world', 'artificial', 'management', 'very good', 'software', 'allocation', 'resource', 'problem', 'skills', 'adept', 'development', 'life', 'learning', 'budgeting', 'projects', 'programming', 'artificial intelligence & machine learning', 'intelligence']
[2025-07-27 18:00:16] [DEBUG] [graphClass.py:122] Chunk 88: 23 entities - ['project', 'machine', 'problems', 'finance', 'principles']
[2025-07-27 18:00:16] [DEBUG] [graphClass.py:69] Extracted entities from 'Learning principles.: Good | 15. Proficient in eff...': ['very good', 'computing', 'resources', 'principles', 'computer', 'technologies', 'system']
[2025-07-27 18:00:16] [DEBUG] [graphClass.py:122] Chunk 89: 7 entities - ['very good', 'computing', 'resources', 'principles', 'computer']
[2025-07-27 18:00:16] [DEBUG] [graphClass.py:69] Extracted entities from 'Timestamp: 10/26/2024 11:34:38 | Email Address: rr...': ['safety', 'problems', 'rahul', 'email', 'ramesh', 'address', 'very good', 'mathematics', 'computer', 'solutions', 'science', 'yaragatti', 'branch', 'usn', 'systems', 'health', 'engineering', 'aiml', 'email address', 'knowledge', 'student', 'factors', 'timestamp']
[2025-07-27 18:00:16] [DEBUG] [graphClass.py:122] Chunk 90: 23 entities - ['safety', 'problems', 'rahul', 'email', 'ramesh']
[2025-07-27 18:00:16] [DEBUG] [graphClass.py:69] Extracted entities from 'environmental factors.: Very Good | 4. Capable of ...': ['very good', 'machine', 'problems', 'software', 'impact', 'solutions', 'need', 'investigations', 'society', 'development', 'equipment', 'intelligence', 'learning', 'practice', 'factors', 'issues', 'engineering']
[2025-07-27 18:00:16] [DEBUG] [graphClass.py:122] Chunk 91: 17 entities - ['very good', 'machine', 'problems', 'software', 'impact']
[2025-07-27 18:00:16] [DEBUG] [graphClass.py:69] Extracted entities from 'Good | 8. Understand professional and ethical resp...': ['leader', 'very good', 'member', 'individual', 'responsibility', 'teams', 'form']
[2025-07-27 18:00:16] [DEBUG] [graphClass.py:122] Chunk 92: 7 entities - ['leader', 'very good', 'member', 'individual', 'responsibility']
[2025-07-27 18:00:16] [DEBUG] [graphClass.py:69] Extracted entities from '11. Acquired project management and finance skills...': ['project', 'machine', 'problems', 'finance', 'principles', 'world', 'artificial', 'management', 'very good', 'software', 'allocation', 'resource', 'problem', 'skills', 'adept', 'development', 'life', 'learning', 'budgeting', 'projects', 'programming', 'artificial intelligence & machine learning', 'intelligence']
[2025-07-27 18:00:16] [DEBUG] [graphClass.py:122] Chunk 93: 23 entities - ['project', 'machine', 'problems', 'finance', 'principles']
[2025-07-27 18:00:16] [DEBUG] [graphClass.py:69] Extracted entities from 'Learning principles.: Good | 15. Proficient in eff...': ['very good', 'computing', 'resources', 'principles', 'computer', 'technologies', 'system']
[2025-07-27 18:00:17] [DEBUG] [graphClass.py:122] Chunk 94: 7 entities - ['very good', 'computing', 'resources', 'principles', 'computer']
[2025-07-27 18:00:17] [DEBUG] [graphClass.py:69] Extracted entities from 'Timestamp: 10/26/2024 11:35:26 | Email Address: ch...': ['safety', 'problems', 'email', 'naganoshith', 'address', 'mathematics', 'computer', 'excellent', 'solutions', 'science', 'branch', 'usn', 'systems', 'health', 'engineering', 'aiml', 'email address', 'knowledge', 'student', 'factors', 'timestamp']
[2025-07-27 18:00:17] [DEBUG] [graphClass.py:122] Chunk 95: 21 entities - ['safety', 'problems', 'email', 'naganoshith', 'address']
[2025-07-27 18:00:17] [DEBUG] [graphClass.py:69] Extracted entities from 'factors.: Excellent | 4. Capable of conducting inv...': ['machine', 'problems', 'software', 'impact', 'solutions', 'need', 'investigations', 'society', 'excellent', 'development', 'equipment', 'intelligence', 'learning', 'practice', 'factors', 'issues', 'engineering']
[2025-07-27 18:00:17] [DEBUG] [graphClass.py:122] Chunk 96: 17 entities - ['machine', 'problems', 'software', 'impact', 'solutions']
[2025-07-27 18:00:17] [DEBUG] [graphClass.py:69] Extracted entities from '| 8. Understand professional and ethical responsib...': ['leader', 'member', 'individual', 'responsibility', 'excellent', 'teams', 'form']
[2025-07-27 18:00:17] [DEBUG] [graphClass.py:122] Chunk 97: 7 entities - ['leader', 'member', 'individual', 'responsibility', 'excellent']
[2025-07-27 18:00:17] [DEBUG] [graphClass.py:69] Extracted entities from '11. Acquired project management and finance skills...': ['project', 'machine', 'problems', 'finance', 'principles', 'world', 'artificial', 'management', 'software', 'allocation', 'excellent', 'resource', 'problem', 'skills', 'adept', 'development', 'life', 'learning', 'budgeting', 'projects', 'programming', 'artificial intelligence & machine learning', 'intelligence']
[2025-07-27 18:00:17] [DEBUG] [graphClass.py:122] Chunk 98: 23 entities - ['project', 'machine', 'problems', 'finance', 'principles']
[2025-07-27 18:00:17] [DEBUG] [graphClass.py:69] Extracted entities from '& Machine Learning principles.: Excellent | 15. Pr...': ['computing', 'machine', 'resources', 'principles', 'computer', 'excellent', 'technologies', 'learning', 'system']
[2025-07-27 18:00:17] [DEBUG] [graphClass.py:122] Chunk 99: 9 entities - ['computing', 'machine', 'resources', 'principles', 'computer']
[2025-07-27 18:00:17] [DEBUG] [graphClass.py:69] Extracted entities from 'Timestamp: 10/26/2024 11:36:35 | Email Address: gs...': ['gouda', 'somana', 'safety', 'problems', 'email', 'address', 'somana gouda', 'mathematics', 'computer', 'excellent', 'solutions', 'science', 'branch', 'usn', 'systems', 'health', 'engineering', 'aiml', 'email address', 'knowledge', 'student', 'factors', 'timestamp']
[2025-07-27 18:00:17] [DEBUG] [graphClass.py:122] Chunk 100: 23 entities - ['gouda', 'somana', 'safety', 'problems', 'email']
[2025-07-27 18:00:17] [DEBUG] [graphClass.py:69] Extracted entities from 'factors.: Excellent | 4. Capable of conducting inv...': ['machine', 'problems', 'software', 'impact', 'solutions', 'need', 'investigations', 'society', 'excellent', 'development', 'equipment', 'intelligence', 'learning', 'practice', 'factors', 'issues', 'engineering']
[2025-07-27 18:00:18] [DEBUG] [graphClass.py:122] Chunk 101: 17 entities - ['machine', 'problems', 'software', 'impact', 'solutions']
[2025-07-27 18:00:18] [DEBUG] [graphClass.py:69] Extracted entities from '| 8. Understand professional and ethical responsib...': ['leader', 'member', 'individual', 'responsibility', 'excellent', 'teams', 'form']
[2025-07-27 18:00:18] [DEBUG] [graphClass.py:122] Chunk 102: 7 entities - ['leader', 'member', 'individual', 'responsibility', 'excellent']
[2025-07-27 18:00:18] [DEBUG] [graphClass.py:69] Extracted entities from '11. Acquired project management and finance skills...': ['project', 'machine', 'problems', 'finance', 'principles', 'world', 'artificial', 'management', 'software', 'allocation', 'excellent', 'resource', 'problem', 'skills', 'adept', 'development', 'life', 'learning', 'budgeting', 'projects', 'programming', 'artificial intelligence & machine learning', 'intelligence']
[2025-07-27 18:00:18] [DEBUG] [graphClass.py:122] Chunk 103: 23 entities - ['project', 'machine', 'problems', 'finance', 'principles']
[2025-07-27 18:00:18] [DEBUG] [graphClass.py:69] Extracted entities from '& Machine Learning principles.: Excellent | 15. Pr...': ['computing', 'machine', 'resources', 'principles', 'computer', 'excellent', 'technologies', 'learning', 'system']
[2025-07-27 18:00:18] [DEBUG] [graphClass.py:122] Chunk 104: 9 entities - ['computing', 'machine', 'resources', 'principles', 'computer']
[2025-07-27 18:00:18] [DEBUG] [graphClass.py:69] Extracted entities from 'Timestamp: 10/26/2024 11:36:41 | Email Address: ne...': ['safety', 'problems', 'email', 'address', 'very good', 'mathematics', 'computer', 'solutions', 'science', 'neeraj kalantri', 'branch', 'usn', 'systems', 'timestamp', 'health', 'engineering', 'aiml', 'knowledge', 'kalantri', 'student', 'factors', 'neeraj']
[2025-07-27 18:00:18] [DEBUG] [graphClass.py:122] Chunk 105: 22 entities - ['safety', 'problems', 'email', 'address', 'very good']
[2025-07-27 18:00:18] [DEBUG] [graphClass.py:69] Extracted entities from 'environmental factors.: Very Good | 4. Capable of ...': ['very good', 'machine', 'problems', 'software', 'impact', 'solutions', 'need', 'investigations', 'society', 'excellent', 'development', 'equipment', 'intelligence', 'learning', 'practice', 'factors', 'issues', 'engineering']
[2025-07-27 18:00:18] [DEBUG] [graphClass.py:122] Chunk 106: 18 entities - ['very good', 'machine', 'problems', 'software', 'impact']
[2025-07-27 18:00:18] [DEBUG] [graphClass.py:69] Extracted entities from 'Good | 8. Understand professional and ethical resp...': ['very good', 'leader', 'member', 'individual', 'responsibility', 'excellent', 'teams', 'form']
[2025-07-27 18:00:18] [DEBUG] [graphClass.py:122] Chunk 107: 8 entities - ['very good', 'leader', 'member', 'individual', 'responsibility']
[2025-07-27 18:00:18] [DEBUG] [graphClass.py:69] Extracted entities from '11. Acquired project management and finance skills...': ['project', 'machine', 'problems', 'finance', 'principles', 'world', 'artificial', 'management', 'very good', 'software', 'allocation', 'excellent', 'resource', 'problem', 'skills', 'adept', 'development', 'life', 'learning', 'budgeting', 'projects', 'programming', 'artificial intelligence & machine learning', 'intelligence']
[2025-07-27 18:00:19] [DEBUG] [graphClass.py:122] Chunk 108: 24 entities - ['project', 'machine', 'problems', 'finance', 'principles']
[2025-07-27 18:00:19] [DEBUG] [graphClass.py:69] Extracted entities from '& Machine Learning principles.: Very  Good | 15. P...': ['very good', 'computing', 'machine', 'resources', 'principles', 'computer', 'technologies', 'learning', 'system']
[2025-07-27 18:00:19] [DEBUG] [graphClass.py:122] Chunk 109: 9 entities - ['very good', 'computing', 'machine', 'resources', 'principles']
[2025-07-27 18:00:19] [DEBUG] [graphClass.py:69] Extracted entities from 'Timestamp: 10/26/2024 11:41:32 | Email Address: aa...': ['safety', 'problems', 'email', 'address', 'very good', 'mathematics', 'computer', 'anukalp jain', 'solutions', 'science', 'branch', 'usn', 'systems', 'health', 'engineering', 'aiml', 'anukalp', 'email address', 'jain', 'knowledge', 'student', 'factors', 'timestamp']
[2025-07-27 18:00:19] [DEBUG] [graphClass.py:122] Chunk 110: 23 entities - ['safety', 'problems', 'email', 'address', 'very good']
[2025-07-27 18:00:19] [DEBUG] [graphClass.py:69] Extracted entities from 'factors.: Very Good | 4. Capable of conducting inv...': ['machine', 'problems', 'need', 'responsibility', 'very good', 'software', 'society', 'excellent', 'solutions', 'issues', 'impact', 'development', 'learning', 'practice', 'engineering', 'investigations', 'equipment', 'intelligence', 'factors']
[2025-07-27 18:00:19] [DEBUG] [graphClass.py:122] Chunk 111: 19 entities - ['machine', 'problems', 'need', 'responsibility', 'very good']
[2025-07-27 18:00:19] [DEBUG] [graphClass.py:69] Extracted entities from 'professional and ethical responsibility.: Very Goo...': ['very good', 'leader', 'member', 'individual', 'form', 'responsibility', 'excellent', 'teams', 'professional and ethical']
[2025-07-27 18:00:19] [DEBUG] [graphClass.py:122] Chunk 112: 9 entities - ['very good', 'leader', 'member', 'individual', 'form']
[2025-07-27 18:00:19] [DEBUG] [graphClass.py:69] Extracted entities from '11. Acquired project management and finance skills...': ['project', 'machine', 'problems', 'finance', 'principles', 'world', 'artificial', 'management', 'very good', 'software', 'allocation', 'excellent', 'resource', 'problem', 'skills', 'adept', 'development', 'life', 'learning', 'budgeting', 'projects', 'programming', 'artificial intelligence & machine learning', 'intelligence']
[2025-07-27 18:00:19] [DEBUG] [graphClass.py:122] Chunk 113: 24 entities - ['project', 'machine', 'problems', 'finance', 'principles']
[2025-07-27 18:00:19] [DEBUG] [graphClass.py:69] Extracted entities from '& Machine Learning principles.: Very  Good | 15. P...': ['very good', 'computing', 'machine', 'resources', 'principles', 'computer', 'technologies', 'learning', 'system']
[2025-07-27 18:00:19] [DEBUG] [graphClass.py:122] Chunk 114: 9 entities - ['very good', 'computing', 'machine', 'resources', 'principles']
[2025-07-27 18:00:19] [DEBUG] [graphClass.py:69] Extracted entities from 'Timestamp: 10/26/2024 11:44:35 | Email Address: 1d...': ['safety', 'problems', 'email', 'address', 'mathematics', 'computer', 'solutions', 'science', 'yeshwanth', 'branch', 'usn', 'systems', 'health', 'engineering', 'aiml', 'email address', 'student name', 'knowledge', 'student', 'factors', 'timestamp']
[2025-07-27 18:00:19] [DEBUG] [graphClass.py:122] Chunk 115: 21 entities - ['safety', 'problems', 'email', 'address', 'mathematics']
[2025-07-27 18:00:19] [DEBUG] [graphClass.py:69] Extracted entities from 'factors.: Good | 4. Capable of conducting investig...': ['machine', 'problems', 'software', 'impact', 'solutions', 'need', 'investigations', 'society', 'development', 'responsibility', 'equipment', 'intelligence', 'learning', 'practice', 'factors', 'issues', 'engineering']
[2025-07-27 18:00:19] [DEBUG] [graphClass.py:122] Chunk 116: 17 entities - ['machine', 'problems', 'software', 'impact', 'solutions']
[2025-07-27 18:00:19] [DEBUG] [graphClass.py:69] Extracted entities from 'and ethical responsibility.: Good | 9. Able to fun...': ['leader', 'member', 'individual', 'responsibility', 'teams', 'form']
[2025-07-27 18:00:19] [DEBUG] [graphClass.py:122] Chunk 117: 6 entities - ['leader', 'member', 'individual', 'responsibility', 'teams']
[2025-07-27 18:00:19] [DEBUG] [graphClass.py:69] Extracted entities from '11. Acquired project management and finance skills...': ['project', 'machine', 'problems', 'finance', 'principles', 'world', 'artificial', 'management', 'software', 'allocation', 'resource', 'problem', 'skills', 'adept', 'development', 'life', 'learning', 'budgeting', 'projects', 'programming', 'artificial intelligence & machine learning', 'intelligence']
[2025-07-27 18:00:20] [DEBUG] [graphClass.py:122] Chunk 118: 22 entities - ['project', 'machine', 'problems', 'finance', 'principles']
[2025-07-27 18:00:20] [DEBUG] [graphClass.py:69] Extracted entities from 'principles.: Good | 15. Proficient in efficiently ...': ['computing', 'resources', 'principles', 'computer', 'technologies', 'system']
[2025-07-27 18:00:20] [DEBUG] [graphClass.py:122] Chunk 119: 6 entities - ['computing', 'resources', 'principles', 'computer', 'technologies']
[2025-07-27 18:00:20] [DEBUG] [graphClass.py:69] Extracted entities from 'Timestamp: 10/26/2024 11:50:29 | Email Address: ab...': ['safety', 'problems', 'email', 'address', 'very good', 'mathematics', 'computer', 'solutions', 'science', 'branch', 'usn', 'systems', 'health', 'engineering', 'aiml', 'email address', 'student name', 'knowledge', 'student', 'abhishek', 'factors', 'timestamp']
[2025-07-27 18:00:20] [DEBUG] [graphClass.py:122] Chunk 120: 22 entities - ['safety', 'problems', 'email', 'address', 'very good']
[2025-07-27 18:00:20] [DEBUG] [graphClass.py:69] Extracted entities from 'environmental factors.: Very Good | 4. Capable of ...': ['very good', 'machine', 'problems', 'software', 'impact', 'solutions', 'need', 'investigations', 'society', 'development', 'equipment', 'intelligence', 'learning', 'practice', 'factors', 'issues', 'engineering']
[2025-07-27 18:00:20] [DEBUG] [graphClass.py:122] Chunk 121: 17 entities - ['very good', 'machine', 'problems', 'software', 'impact']
[2025-07-27 18:00:20] [DEBUG] [graphClass.py:69] Extracted entities from 'Very Good | 8. Understand professional and ethical...': ['leader', 'very good', 'member', 'individual', 'responsibility', 'teams', 'form']
[2025-07-27 18:00:20] [DEBUG] [graphClass.py:122] Chunk 122: 7 entities - ['leader', 'very good', 'member', 'individual', 'responsibility']
[2025-07-27 18:00:20] [DEBUG] [graphClass.py:69] Extracted entities from '11. Acquired project management and finance skills...': ['project', 'machine', 'problems', 'finance', 'principles', 'world', 'artificial', 'management', 'very good', 'software', 'allocation', 'resource', 'problem', 'skills', 'adept', 'development', 'life', 'learning', 'budgeting', 'projects', 'programming', 'artificial intelligence & machine learning', 'intelligence']
[2025-07-27 18:00:20] [DEBUG] [graphClass.py:122] Chunk 123: 23 entities - ['project', 'machine', 'problems', 'finance', 'principles']
[2025-07-27 18:00:20] [DEBUG] [graphClass.py:69] Extracted entities from '& Machine Learning principles.: Very  Good | 15. P...': ['very good', 'computing', 'machine', 'resources', 'principles', 'computer', 'technologies', 'learning', 'system']
[2025-07-27 18:00:20] [DEBUG] [graphClass.py:122] Chunk 124: 9 entities - ['very good', 'computing', 'machine', 'resources', 'principles']
[2025-07-27 18:00:20] [DEBUG] [graphClass.py:69] Extracted entities from 'Timestamp: 10/26/2024 12:11:18 | Email Address: ab...': ['safety', 'problems', 'email', 'address', 'abdur', 'mathematics', 'computer', 'excellent', 'solutions', 'science', 'branch', 'usn', 'systems', 'health', 'engineering', 'aiml', 'email address', 'abdur rahman', 'knowledge', 'student', 'rahman', 'factors', 'timestamp']
[2025-07-27 18:00:20] [DEBUG] [graphClass.py:122] Chunk 125: 23 entities - ['safety', 'problems', 'email', 'address', 'abdur']
[2025-07-27 18:00:20] [DEBUG] [graphClass.py:69] Extracted entities from 'environmental factors.: Excellent | 4. Capable of ...': ['machine', 'problems', 'software', 'impact', 'solutions', 'need', 'investigations', 'society', 'excellent', 'development', 'equipment', 'intelligence', 'learning', 'practice', 'factors', 'issues', 'engineering']
[2025-07-27 18:00:20] [DEBUG] [graphClass.py:122] Chunk 126: 17 entities - ['machine', 'problems', 'software', 'impact', 'solutions']
[2025-07-27 18:00:20] [DEBUG] [graphClass.py:69] Extracted entities from 'Excellent | 8. Understand professional and ethical...': ['leader', 'member', 'individual', 'responsibility', 'excellent', 'teams', 'form']
[2025-07-27 18:00:20] [DEBUG] [graphClass.py:122] Chunk 127: 7 entities - ['leader', 'member', 'individual', 'responsibility', 'excellent']
[2025-07-27 18:00:20] [DEBUG] [graphClass.py:69] Extracted entities from '11. Acquired project management and finance skills...': ['project', 'machine', 'problems', 'finance', 'principles', 'world', 'artificial', 'management', 'software', 'allocation', 'excellent', 'resource', 'problem', 'skills', 'adept', 'development', 'life', 'learning', 'budgeting', 'projects', 'programming', 'artificial intelligence & machine learning', 'intelligence']
[2025-07-27 18:00:21] [DEBUG] [graphClass.py:122] Chunk 128: 23 entities - ['project', 'machine', 'problems', 'finance', 'principles']
[2025-07-27 18:00:21] [DEBUG] [graphClass.py:69] Extracted entities from '& Machine Learning principles.: Excellent | 15. Pr...': ['computing', 'machine', 'resources', 'principles', 'computer', 'excellent', 'technologies', 'learning', 'system']
[2025-07-27 18:00:21] [DEBUG] [graphClass.py:122] Chunk 129: 9 entities - ['computing', 'machine', 'resources', 'principles', 'computer']
[2025-07-27 18:00:21] [DEBUG] [graphClass.py:69] Extracted entities from 'Timestamp: 10/26/2024 12:26:16 | Email Address: vk...': ['safety', 'problems', 'email', 'address', 'kshitij', 'kshitij verma  | 1', 'mathematics', 'computer', 'solutions', 'science', 'branch', 'usn', 'systems', 'health', 'engineering', 'aiml', 'email address', 'knowledge', 'investigations', 'student', 'factors', 'verma', 'timestamp']
[2025-07-27 18:00:21] [DEBUG] [graphClass.py:122] Chunk 130: 23 entities - ['safety', 'problems', 'email', 'address', 'kshitij']
[2025-07-27 18:00:21] [DEBUG] [graphClass.py:69] Extracted entities from 'Good | 4. Capable of conducting investigations int...': ['very good', 'machine', 'problems', 'software', 'impact', 'solutions', 'need', 'investigations', 'society', 'development', 'responsibility', 'equipment', 'intelligence', 'learning', 'practice', 'engineering', 'issues']
[2025-07-27 18:00:21] [DEBUG] [graphClass.py:122] Chunk 131: 17 entities - ['very good', 'machine', 'problems', 'software', 'impact']
[2025-07-27 18:00:21] [DEBUG] [graphClass.py:69] Extracted entities from 'ethical responsibility.: Very Good | 9. Able to fu...': ['leader', 'very good', 'member', 'individual', 'responsibility', 'teams', 'form']
[2025-07-27 18:00:21] [DEBUG] [graphClass.py:122] Chunk 132: 7 entities - ['leader', 'very good', 'member', 'individual', 'responsibility']
[2025-07-27 18:00:21] [DEBUG] [graphClass.py:69] Extracted entities from '11. Acquired project management and finance skills...': ['project', 'machine', 'problems', 'finance', 'principles', 'world', 'artificial', 'management', 'software', 'allocation', 'resource', 'problem', 'skills', 'adept', 'development', 'life', 'learning', 'budgeting', 'projects', 'programming', 'artificial intelligence & machine learning', 'intelligence']
[2025-07-27 18:00:21] [DEBUG] [graphClass.py:122] Chunk 133: 22 entities - ['project', 'machine', 'problems', 'finance', 'principles']
[2025-07-27 18:00:21] [DEBUG] [graphClass.py:69] Extracted entities from 'principles.: Good | 15. Proficient in efficiently ...': ['computing', 'resources', 'principles', 'computer', 'technologies', 'system']
[2025-07-27 18:00:21] [DEBUG] [graphClass.py:122] Chunk 134: 6 entities - ['computing', 'resources', 'principles', 'computer', 'technologies']
[2025-07-27 18:00:21] [DEBUG] [graphClass.py:69] Extracted entities from 'Timestamp: 10/26/2024 12:47:05 | Email Address: ma...': ['safety', 'problems', 'email', 'address', 'very good', 'mathematics', 'computer', 'excellent', 'solutions', 'science', 'branch', 'usn', 'systems', 'health', 'engineering', 'aiml', 'email address', 'knowledge', 'maaz', 'student', 'karim', 'factors', 'timestamp']
[2025-07-27 18:00:21] [DEBUG] [graphClass.py:122] Chunk 135: 23 entities - ['safety', 'problems', 'email', 'address', 'very good']
[2025-07-27 18:00:21] [DEBUG] [graphClass.py:69] Extracted entities from 'factors.: Very Good | 4. Capable of conducting inv...': ['very good', 'machine', 'problems', 'software', 'impact', 'solutions', 'need', 'investigations', 'society', 'excellent', 'development', 'equipment', 'intelligence', 'learning', 'practice', 'factors', 'issues', 'engineering']
[2025-07-27 18:00:21] [DEBUG] [graphClass.py:122] Chunk 136: 18 entities - ['very good', 'machine', 'problems', 'software', 'impact']
[2025-07-27 18:00:21] [DEBUG] [graphClass.py:69] Extracted entities from '| 8. Understand professional and ethical responsib...': ['leader', 'member', 'individual', 'responsibility', 'excellent', 'teams', 'form']
[2025-07-27 18:00:21] [DEBUG] [graphClass.py:122] Chunk 137: 7 entities - ['leader', 'member', 'individual', 'responsibility', 'excellent']
[2025-07-27 18:00:21] [DEBUG] [graphClass.py:69] Extracted entities from '11. Acquired project management and finance skills...': ['project', 'machine', 'problems', 'finance', 'principles', 'world', 'artificial', 'management', 'software', 'allocation', 'excellent', 'resource', 'problem', 'skills', 'adept', 'development', 'life', 'learning', 'budgeting', 'projects', 'programming', 'artificial intelligence & machine learning', 'intelligence']
[2025-07-27 18:00:22] [DEBUG] [graphClass.py:122] Chunk 138: 23 entities - ['project', 'machine', 'problems', 'finance', 'principles']
[2025-07-27 18:00:22] [DEBUG] [graphClass.py:69] Extracted entities from '& Machine Learning principles.: Excellent | 15. Pr...': ['computing', 'machine', 'resources', 'principles', 'computer', 'excellent', 'technologies', 'learning', 'system']
[2025-07-27 18:00:22] [DEBUG] [graphClass.py:122] Chunk 139: 9 entities - ['computing', 'machine', 'resources', 'principles', 'computer']
[2025-07-27 18:00:22] [DEBUG] [graphClass.py:69] Extracted entities from 'Timestamp: 10/26/2024 12:54:34 | Email Address: ak...': ['akanksha', 'safety', 'problems', 'email', 'address', 'satisfactory', 'mathematics', 'computer', 'solutions', 'science', 'branch', 'usn', 'systems', 'health', 'akanksha bansal', 'engineering', 'aiml', 'email address', 'knowledge', 'student', 'bansal', 'factors', 'timestamp']
[2025-07-27 18:00:22] [DEBUG] [graphClass.py:122] Chunk 140: 23 entities - ['akanksha', 'safety', 'problems', 'email', 'address']
[2025-07-27 18:00:22] [DEBUG] [graphClass.py:69] Extracted entities from 'and environmental factors.: Satisfactory | 4. Capa...': ['machine', 'problems', 'software', 'impact', 'solutions', 'need', 'investigations', 'society', 'development', 'equipment', 'intelligence', 'learning', 'practice', 'factors', 'issues', 'engineering']
[2025-07-27 18:00:22] [DEBUG] [graphClass.py:122] Chunk 141: 16 entities - ['machine', 'problems', 'software', 'impact', 'solutions']
[2025-07-27 18:00:22] [DEBUG] [graphClass.py:69] Extracted entities from 'development.: Satisfactory | 8. Understand profess...': ['leader', 'member', 'individual', 'responsibility', 'development', 'teams', 'form']
[2025-07-27 18:00:22] [DEBUG] [graphClass.py:122] Chunk 142: 7 entities - ['leader', 'member', 'individual', 'responsibility', 'development']
[2025-07-27 18:00:22] [DEBUG] [graphClass.py:69] Extracted entities from '11. Acquired project management and finance skills...': ['project', 'machine', 'problems', 'finance', 'principles', 'world', 'artificial', 'management', 'software', 'allocation', 'resource', 'problem', 'skills', 'adept', 'development', 'life', 'learning', 'budgeting', 'projects', 'programming', 'artificial intelligence & machine learning', 'intelligence']
[2025-07-27 18:00:22] [DEBUG] [graphClass.py:122] Chunk 143: 22 entities - ['project', 'machine', 'problems', 'finance', 'principles']
[2025-07-27 18:00:22] [DEBUG] [graphClass.py:69] Extracted entities from '& Machine Learning principles.: Satisfactory | 15....': ['computing', 'machine', 'resources', 'principles', 'computer', 'technologies', 'learning', 'system']
[2025-07-27 18:00:22] [DEBUG] [graphClass.py:122] Chunk 144: 8 entities - ['computing', 'machine', 'resources', 'principles', 'computer']
[2025-07-27 18:00:22] [DEBUG] [graphClass.py:69] Extracted entities from 'Timestamp: 10/26/2024 13:07:49 | Email Address: ka...': ['safety', 'problems', 'email', 'address', 'satisfactory', 'very good', 'karthikkckarthik02@gmail.com', 'mathematics', 'computer', 'solutions', 'science', 'karthik', 'branch', 'usn', 'systems', 'health', 'engineering', 'aiml', 'email address', 'knowledge', 'student', 'factors', 'timestamp']
[2025-07-27 18:00:22] [DEBUG] [graphClass.py:122] Chunk 145: 23 entities - ['safety', 'problems', 'email', 'address', 'satisfactory']
[2025-07-27 18:00:22] [DEBUG] [graphClass.py:69] Extracted entities from 'environmental factors.: Very Good | 4. Capable of ...': ['very good', 'machine', 'problems', 'software', 'impact', 'solutions', 'need', 'investigations', 'society', 'excellent', 'development', 'equipment', 'intelligence', 'learning', 'practice', 'factors', 'issues', 'engineering']
[2025-07-27 18:00:23] [DEBUG] [graphClass.py:122] Chunk 146: 18 entities - ['very good', 'machine', 'problems', 'software', 'impact']
[2025-07-27 18:00:23] [DEBUG] [graphClass.py:69] Extracted entities from 'Very Good | 8. Understand professional and ethical...': ['leader', 'very good', 'member', 'individual', 'responsibility', 'teams', 'form']
[2025-07-27 18:00:23] [DEBUG] [graphClass.py:122] Chunk 147: 7 entities - ['leader', 'very good', 'member', 'individual', 'responsibility']
[2025-07-27 18:00:23] [DEBUG] [graphClass.py:69] Extracted entities from '11. Acquired project management and finance skills...': ['project', 'machine', 'problems', 'finance', 'principles', 'world', 'artificial', 'management', 'very good', 'software', 'allocation', 'resource', 'problem', 'skills', 'adept', 'development', 'life', 'learning', 'budgeting', 'projects', 'programming', 'artificial intelligence & machine learning', 'intelligence']
[2025-07-27 18:00:23] [DEBUG] [graphClass.py:122] Chunk 148: 23 entities - ['project', 'machine', 'problems', 'finance', 'principles']
[2025-07-27 18:00:23] [DEBUG] [graphClass.py:69] Extracted entities from 'Learning principles.: Good | 15. Proficient in eff...': ['very good', 'computing', 'resources', 'principles', 'computer', 'technologies', 'system']
[2025-07-27 18:00:23] [DEBUG] [graphClass.py:122] Chunk 149: 7 entities - ['very good', 'computing', 'resources', 'principles', 'computer']
[2025-07-27 18:00:23] [DEBUG] [graphClass.py:69] Extracted entities from 'Timestamp: 10/26/2024 13:16:01 | Email Address: ab...': ['safety', 'problems', 'email', 'pattanaik', 'address', 'satisfactory', 'mathematics', 'computer', 'abhijit', 'solutions', 'science', 'branch', 'usn', 'systems', 'health', 'abhijit pattanaik', 'engineering', 'aiml', 'email address', 'knowledge', 'student', 'factors', 'timestamp']
[2025-07-27 18:00:23] [DEBUG] [graphClass.py:122] Chunk 150: 23 entities - ['safety', 'problems', 'email', 'pattanaik', 'address']
[2025-07-27 18:00:23] [DEBUG] [graphClass.py:69] Extracted entities from 'and environmental factors.: Satisfactory | 4. Capa...': ['machine', 'problems', 'software', 'impact', 'solutions', 'need', 'investigations', 'society', 'development', 'equipment', 'intelligence', 'learning', 'practice', 'factors', 'issues', 'engineering']
[2025-07-27 18:00:23] [DEBUG] [graphClass.py:122] Chunk 151: 16 entities - ['machine', 'problems', 'software', 'impact', 'solutions']
[2025-07-27 18:00:23] [DEBUG] [graphClass.py:69] Extracted entities from 'development.: Satisfactory | 8. Understand profess...': ['leader', 'member', 'individual', 'responsibility', 'development', 'teams', 'form']
[2025-07-27 18:00:23] [DEBUG] [graphClass.py:122] Chunk 152: 7 entities - ['leader', 'member', 'individual', 'responsibility', 'development']
[2025-07-27 18:00:23] [DEBUG] [graphClass.py:69] Extracted entities from '11. Acquired project management and finance skills...': ['project', 'machine', 'problems', 'finance', 'principles', 'world', 'artificial', 'management', 'software', 'allocation', 'resource', 'problem', 'skills', 'adept', 'development', 'life', 'learning', 'budgeting', 'projects', 'programming', 'artificial intelligence & machine learning', 'intelligence']
[2025-07-27 18:00:23] [DEBUG] [graphClass.py:122] Chunk 153: 22 entities - ['project', 'machine', 'problems', 'finance', 'principles']
[2025-07-27 18:00:23] [DEBUG] [graphClass.py:69] Extracted entities from '& Machine Learning principles.: Satisfactory | 15....': ['computing', 'machine', 'resources', 'principles', 'computer', 'technologies', 'learning', 'system']
[2025-07-27 18:00:23] [DEBUG] [graphClass.py:122] Chunk 154: 8 entities - ['computing', 'machine', 'resources', 'principles', 'computer']
[2025-07-27 18:00:23] [DEBUG] [graphClass.py:69] Extracted entities from 'Timestamp: 10/26/2024 13:33:35 | Email Address: de...': ['safety', 'problems', 'email', 'khetan', 'dev', 'dev kumar', 'address', 'mathematics', 'computer', 'excellent', 'solutions', 'science', 'branch', 'usn', 'kumar', 'systems', 'health', 'engineering', 'aiml', 'email address', 'knowledge', 'student', 'factors', 'timestamp']
[2025-07-27 18:00:24] [DEBUG] [graphClass.py:122] Chunk 155: 24 entities - ['safety', 'problems', 'email', 'khetan', 'dev']
[2025-07-27 18:00:24] [DEBUG] [graphClass.py:69] Extracted entities from 'factors.: Excellent | 4. Capable of conducting inv...': ['machine', 'problems', 'software', 'impact', 'solutions', 'need', 'investigations', 'society', 'excellent', 'development', 'equipment', 'intelligence', 'learning', 'practice', 'factors', 'issues', 'engineering']
[2025-07-27 18:00:24] [DEBUG] [graphClass.py:122] Chunk 156: 17 entities - ['machine', 'problems', 'software', 'impact', 'solutions']
[2025-07-27 18:00:24] [DEBUG] [graphClass.py:69] Extracted entities from '| 8. Understand professional and ethical responsib...': ['leader', 'member', 'individual', 'responsibility', 'excellent', 'teams', 'form']
[2025-07-27 18:00:24] [DEBUG] [graphClass.py:122] Chunk 157: 7 entities - ['leader', 'member', 'individual', 'responsibility', 'excellent']
[2025-07-27 18:00:24] [DEBUG] [graphClass.py:69] Extracted entities from '11. Acquired project management and finance skills...': ['project', 'machine', 'problems', 'finance', 'principles', 'world', 'artificial', 'management', 'software', 'allocation', 'excellent', 'resource', 'problem', 'skills', 'adept', 'development', 'life', 'learning', 'budgeting', 'projects', 'programming', 'artificial intelligence & machine learning', 'intelligence']
[2025-07-27 18:00:24] [DEBUG] [graphClass.py:122] Chunk 158: 23 entities - ['project', 'machine', 'problems', 'finance', 'principles']
[2025-07-27 18:00:24] [DEBUG] [graphClass.py:69] Extracted entities from '& Machine Learning principles.: Excellent | 15. Pr...': ['computing', 'machine', 'resources', 'principles', 'computer', 'excellent', 'technologies', 'learning', 'system']
[2025-07-27 18:00:24] [DEBUG] [graphClass.py:122] Chunk 159: 9 entities - ['computing', 'machine', 'resources', 'principles', 'computer']
[2025-07-27 18:00:24] [DEBUG] [graphClass.py:69] Extracted entities from 'Timestamp: 10/26/2024 13:35:07 | Email Address: 20...': ['safety', 'problems', 'ankur singh', 'email', 'address', 'singh', 'mathematics', 'computer', 'excellent', 'solutions', 'science', 'branch', 'usn', 'systems', 'health', 'ankur', 'engineering', 'aiml', 'email address', 'knowledge', 'student', 'factors', 'timestamp']
[2025-07-27 18:00:24] [DEBUG] [graphClass.py:122] Chunk 160: 23 entities - ['safety', 'problems', 'ankur singh', 'email', 'address']
[2025-07-27 18:00:24] [DEBUG] [graphClass.py:69] Extracted entities from 'factors.: Excellent | 4. Capable of conducting inv...': ['machine', 'problems', 'software', 'impact', 'solutions', 'need', 'investigations', 'society', 'excellent', 'development', 'equipment', 'intelligence', 'learning', 'practice', 'factors', 'issues', 'engineering']
[2025-07-27 18:00:24] [DEBUG] [graphClass.py:122] Chunk 161: 17 entities - ['machine', 'problems', 'software', 'impact', 'solutions']
[2025-07-27 18:00:24] [DEBUG] [graphClass.py:69] Extracted entities from '| 8. Understand professional and ethical responsib...': ['leader', 'member', 'individual', 'responsibility', 'excellent', 'teams', 'form']
[2025-07-27 18:00:24] [DEBUG] [graphClass.py:122] Chunk 162: 7 entities - ['leader', 'member', 'individual', 'responsibility', 'excellent']
[2025-07-27 18:00:24] [DEBUG] [graphClass.py:69] Extracted entities from '11. Acquired project management and finance skills...': ['project', 'machine', 'problems', 'finance', 'principles', 'world', 'artificial', 'management', 'software', 'allocation', 'excellent', 'resource', 'problem', 'skills', 'adept', 'development', 'life', 'learning', 'budgeting', 'projects', 'programming', 'artificial intelligence & machine learning', 'intelligence']
[2025-07-27 18:00:24] [DEBUG] [graphClass.py:122] Chunk 163: 23 entities - ['project', 'machine', 'problems', 'finance', 'principles']
[2025-07-27 18:00:24] [DEBUG] [graphClass.py:69] Extracted entities from '& Machine Learning principles.: Excellent | 15. Pr...': ['computing', 'machine', 'resources', 'principles', 'computer', 'excellent', 'technologies', 'learning', 'system']
[2025-07-27 18:00:25] [DEBUG] [graphClass.py:122] Chunk 164: 9 entities - ['computing', 'machine', 'resources', 'principles', 'computer']
[2025-07-27 18:00:25] [DEBUG] [graphClass.py:69] Extracted entities from 'Timestamp: 10/26/2024 13:40:13 | Email Address: 20...': ['safety', 'problems', 'email', 'address', 'rivana', 'mathematics', 'computer', 'excellent', 'sridaran', 'solutions', 'science', 'branch', 'usn', 'systems', 'health', 'engineering', 'aiml', 'rivana sridaran', 'email address', 'knowledge', 'student', 'factors', 'timestamp']
[2025-07-27 18:00:25] [DEBUG] [graphClass.py:122] Chunk 165: 23 entities - ['safety', 'problems', 'email', 'address', 'rivana']
[2025-07-27 18:00:25] [DEBUG] [graphClass.py:69] Extracted entities from 'environmental factors.: Excellent | 4. Capable of ...': ['machine', 'problems', 'software', 'impact', 'solutions', 'need', 'investigations', 'society', 'excellent', 'development', 'equipment', 'intelligence', 'learning', 'practice', 'factors', 'issues', 'engineering']
[2025-07-27 18:00:25] [DEBUG] [graphClass.py:122] Chunk 166: 17 entities - ['machine', 'problems', 'software', 'impact', 'solutions']
[2025-07-27 18:00:25] [DEBUG] [graphClass.py:69] Extracted entities from 'Excellent | 8. Understand professional and ethical...': ['leader', 'member', 'individual', 'responsibility', 'excellent', 'teams', 'form']
[2025-07-27 18:00:25] [DEBUG] [graphClass.py:122] Chunk 167: 7 entities - ['leader', 'member', 'individual', 'responsibility', 'excellent']
[2025-07-27 18:00:25] [DEBUG] [graphClass.py:69] Extracted entities from '11. Acquired project management and finance skills...': ['project', 'machine', 'problems', 'finance', 'principles', 'world', 'artificial', 'management', 'software', 'allocation', 'excellent', 'resource', 'problem', 'skills', 'adept', 'development', 'life', 'learning', 'budgeting', 'projects', 'programming', 'artificial intelligence & machine learning', 'intelligence']
[2025-07-27 18:00:25] [DEBUG] [graphClass.py:122] Chunk 168: 23 entities - ['project', 'machine', 'problems', 'finance', 'principles']
[2025-07-27 18:00:25] [DEBUG] [graphClass.py:69] Extracted entities from '& Machine Learning principles.: Excellent | 15. Pr...': ['computing', 'machine', 'resources', 'principles', 'computer', 'excellent', 'technologies', 'learning', 'system']
[2025-07-27 18:00:26] [DEBUG] [graphClass.py:122] Chunk 169: 9 entities - ['computing', 'machine', 'resources', 'principles', 'computer']
[2025-07-27 18:00:26] [DEBUG] [graphClass.py:69] Extracted entities from 'Timestamp: 10/26/2024 13:50:35 | Email Address: li...': ['safety', 'problems', 'email', 'address', 'likith', 'very good', 'mathematics', 'computer', 'solutions', 'science', 'branch', 'usn', 'systems', 'health', 'engineering', 'aiml', 'email address', 'knowledge', 'student', 'factors', 'timestamp']
[2025-07-27 18:00:26] [DEBUG] [graphClass.py:122] Chunk 170: 21 entities - ['safety', 'problems', 'email', 'address', 'likith']
[2025-07-27 18:00:26] [DEBUG] [graphClass.py:69] Extracted entities from 'factors.: Very Good | 4. Capable of conducting inv...': ['very good', 'machine', 'problems', 'software', 'impact', 'solutions', 'need', 'investigations', 'society', 'excellent', 'development', 'equipment', 'intelligence', 'learning', 'practice', 'factors', 'issues', 'engineering']
[2025-07-27 18:00:26] [DEBUG] [graphClass.py:122] Chunk 171: 18 entities - ['very good', 'machine', 'problems', 'software', 'impact']
[2025-07-27 18:00:26] [DEBUG] [graphClass.py:69] Extracted entities from '| 8. Understand professional and ethical responsib...': ['leader', 'member', 'individual', 'responsibility', 'excellent', 'teams', 'form']
[2025-07-27 18:00:26] [DEBUG] [graphClass.py:122] Chunk 172: 7 entities - ['leader', 'member', 'individual', 'responsibility', 'excellent']
[2025-07-27 18:00:26] [DEBUG] [graphClass.py:69] Extracted entities from '11. Acquired project management and finance skills...': ['project', 'machine', 'problems', 'finance', 'principles', 'world', 'artificial', 'management', 'software', 'allocation', 'excellent', 'resource', 'problem', 'skills', 'adept', 'development', 'life', 'learning', 'budgeting', 'projects', 'programming', 'artificial intelligence & machine learning', 'intelligence']
[2025-07-27 18:00:27] [DEBUG] [graphClass.py:122] Chunk 173: 23 entities - ['project', 'machine', 'problems', 'finance', 'principles']
[2025-07-27 18:00:27] [DEBUG] [graphClass.py:69] Extracted entities from '& Machine Learning principles.: Excellent | 15. Pr...': ['computing', 'machine', 'resources', 'principles', 'computer', 'excellent', 'technologies', 'learning', 'system']
[2025-07-27 18:00:27] [DEBUG] [graphClass.py:122] Chunk 174: 9 entities - ['computing', 'machine', 'resources', 'principles', 'computer']
[2025-07-27 18:00:27] [DEBUG] [graphClass.py:69] Extracted entities from 'Timestamp: 10/26/2024 13:50:45 | Email Address: 20...': ['safety', 'problems', 'email', 'address', 'very good', 'sahana', 'mathematics', 'computer', 'solutions', 'science', 'branch', 'usn', 'systems', 'health', 'engineering', 'aiml', 'email address', 'knowledge', 'student', 'factors', 'timestamp']
[2025-07-27 18:00:27] [DEBUG] [graphClass.py:122] Chunk 175: 21 entities - ['safety', 'problems', 'email', 'address', 'very good']
[2025-07-27 18:00:27] [DEBUG] [graphClass.py:69] Extracted entities from 'factors.: Very Good | 4. Capable of conducting inv...': ['very good', 'machine', 'problems', 'software', 'impact', 'solutions', 'need', 'investigations', 'society', 'development', 'equipment', 'intelligence', 'learning', 'practice', 'factors', 'issues', 'engineering']
[2025-07-27 18:00:28] [DEBUG] [graphClass.py:122] Chunk 176: 17 entities - ['very good', 'machine', 'problems', 'software', 'impact']
[2025-07-27 18:00:28] [DEBUG] [graphClass.py:69] Extracted entities from 'Good | 8. Understand professional and ethical resp...': ['leader', 'very good', 'member', 'individual', 'responsibility', 'teams', 'form']
[2025-07-27 18:00:28] [DEBUG] [graphClass.py:122] Chunk 177: 7 entities - ['leader', 'very good', 'member', 'individual', 'responsibility']
[2025-07-27 18:00:28] [DEBUG] [graphClass.py:69] Extracted entities from '11. Acquired project management and finance skills...': ['project', 'machine', 'problems', 'finance', 'principles', 'world', 'artificial', 'management', 'very good', 'software', 'allocation', 'resource', 'problem', 'skills', 'adept', 'development', 'life', 'learning', 'budgeting', 'projects', 'programming', 'artificial intelligence & machine learning', 'intelligence']
[2025-07-27 18:00:28] [DEBUG] [graphClass.py:122] Chunk 178: 23 entities - ['project', 'machine', 'problems', 'finance', 'principles']
[2025-07-27 18:00:28] [DEBUG] [graphClass.py:69] Extracted entities from '& Machine Learning principles.: Very  Good | 15. P...': ['very good', 'computing', 'machine', 'resources', 'principles', 'computer', 'technologies', 'learning', 'system']
[2025-07-27 18:00:28] [DEBUG] [graphClass.py:122] Chunk 179: 9 entities - ['very good', 'computing', 'machine', 'resources', 'principles']
[2025-07-27 18:00:28] [DEBUG] [graphClass.py:69] Extracted entities from 'Timestamp: 10/26/2024 13:50:51 | Email Address: sa...': ['safety', 'problems', 'email', 'address', 'mathematics', 'computer', 'excellent', 'malachira', 'solutions', 'science', 'branch', 'usn', 'systems', 'health', 'engineering', 'aiml', 'email address', 'knowledge', 'student', 'chittiappa', 'samit', 'timestamp']
[2025-07-27 18:00:29] [DEBUG] [graphClass.py:122] Chunk 180: 22 entities - ['safety', 'problems', 'email', 'address', 'mathematics']
[2025-07-27 18:00:29] [DEBUG] [graphClass.py:69] Extracted entities from 'safety, and cultural, societal, and environmental ...': ['safety', 'machine', 'problems', 'software', 'impact', 'solutions', 'need', 'investigations', 'society', 'excellent', 'development', 'equipment', 'intelligence', 'learning', 'practice', 'factors', 'issues', 'engineering']
[2025-07-27 18:00:29] [DEBUG] [graphClass.py:122] Chunk 181: 18 entities - ['safety', 'machine', 'problems', 'software', 'impact']
[2025-07-27 18:00:29] [DEBUG] [graphClass.py:69] Extracted entities from 'need for sustainable development.: Excellent | 8. ...': ['leader', 'member', 'individual', 'responsibility', 'development', 'excellent', 'teams', 'form']
[2025-07-27 18:00:29] [DEBUG] [graphClass.py:122] Chunk 182: 8 entities - ['leader', 'member', 'individual', 'responsibility', 'development']
[2025-07-27 18:00:29] [DEBUG] [graphClass.py:69] Extracted entities from '11. Acquired project management and finance skills...': ['project', 'machine', 'problems', 'finance', 'principles', 'world', 'artificial', 'management', 'software', 'allocation', 'excellent', 'resource', 'problem', 'skills', 'adept', 'development', 'life', 'learning', 'budgeting', 'projects', 'programming', 'artificial intelligence & machine learning', 'intelligence']
[2025-07-27 18:00:30] [DEBUG] [graphClass.py:122] Chunk 183: 23 entities - ['project', 'machine', 'problems', 'finance', 'principles']
[2025-07-27 18:00:30] [DEBUG] [graphClass.py:69] Extracted entities from '& Machine Learning principles.: Excellent | 15. Pr...': ['computing', 'machine', 'resources', 'principles', 'computer', 'excellent', 'technologies', 'learning', 'system']
[2025-07-27 18:00:30] [DEBUG] [graphClass.py:122] Chunk 184: 9 entities - ['computing', 'machine', 'resources', 'principles', 'computer']
[2025-07-27 18:00:30] [DEBUG] [graphClass.py:69] Extracted entities from 'Timestamp: 10/26/2024 14:05:28 | Email Address: vi...': ['vigneshnvicky567@gmail.com', 'safety', 'problems', 'email', 'vignesh', 'address', 'mathematics', 'computer', 'vignesh n  | 1', 'excellent', 'solutions', 'science', 'branch', 'usn', 'systems', 'health', 'engineering', 'aiml', 'email address', 'knowledge', 'student', 'factors', 'timestamp']
[2025-07-27 18:00:30] [DEBUG] [graphClass.py:122] Chunk 185: 23 entities - ['vigneshnvicky567@gmail.com', 'safety', 'problems', 'email', 'vignesh']
[2025-07-27 18:00:30] [DEBUG] [graphClass.py:69] Extracted entities from 'environmental factors.: Excellent | 4. Capable of ...': ['very good', 'machine', 'problems', 'software', 'impact', 'solutions', 'need', 'investigations', 'society', 'excellent', 'development', 'equipment', 'intelligence', 'learning', 'practice', 'factors', 'issues', 'engineering']
[2025-07-27 18:00:31] [DEBUG] [graphClass.py:122] Chunk 186: 18 entities - ['very good', 'machine', 'problems', 'software', 'impact']
[2025-07-27 18:00:31] [DEBUG] [graphClass.py:69] Extracted entities from 'Good | 8. Understand professional and ethical resp...': ['leader', 'very good', 'member', 'individual', 'responsibility', 'teams', 'form']
[2025-07-27 18:00:31] [DEBUG] [graphClass.py:122] Chunk 187: 7 entities - ['leader', 'very good', 'member', 'individual', 'responsibility']
[2025-07-27 18:00:31] [DEBUG] [graphClass.py:69] Extracted entities from '11. Acquired project management and finance skills...': ['project', 'machine', 'problems', 'finance', 'principles', 'world', 'artificial', 'management', 'very good', 'software', 'allocation', 'excellent', 'resource', 'problem', 'skills', 'adept', 'development', 'life', 'learning', 'budgeting', 'projects', 'programming', 'artificial intelligence & machine learning', 'intelligence']
[2025-07-27 18:00:31] [DEBUG] [graphClass.py:122] Chunk 188: 24 entities - ['project', 'machine', 'problems', 'finance', 'principles']
[2025-07-27 18:00:31] [DEBUG] [graphClass.py:69] Extracted entities from '& Machine Learning principles.: Excellent | 15. Pr...': ['computing', 'machine', 'resources', 'principles', 'computer', 'excellent', 'technologies', 'learning', 'system']
[2025-07-27 18:00:31] [DEBUG] [graphClass.py:122] Chunk 189: 9 entities - ['computing', 'machine', 'resources', 'principles', 'computer']
[2025-07-27 18:00:31] [DEBUG] [graphClass.py:69] Extracted entities from 'Timestamp: 10/26/2024 14:22:40 | Email Address: pb...': ['safety', 'problems', 'email', 'address', 'mathematics', 'computer', 'excellent', 'solutions', 'science', 'pbs.dsce2001@gmail.com', 'branch', 'usn', 'systems', 'health', 'swaroop', 'engineering', 'aiml', 'email address', 'knowledge', 'student', 'factors', 'timestamp']
[2025-07-27 18:00:32] [DEBUG] [graphClass.py:122] Chunk 190: 22 entities - ['safety', 'problems', 'email', 'address', 'mathematics']
[2025-07-27 18:00:32] [DEBUG] [graphClass.py:69] Extracted entities from 'factors.: Excellent | 4. Capable of conducting inv...': ['machine', 'problems', 'software', 'impact', 'solutions', 'need', 'investigations', 'society', 'excellent', 'development', 'equipment', 'intelligence', 'learning', 'practice', 'factors', 'issues', 'engineering']
[2025-07-27 18:00:32] [DEBUG] [graphClass.py:122] Chunk 191: 17 entities - ['machine', 'problems', 'software', 'impact', 'solutions']
[2025-07-27 18:00:32] [DEBUG] [graphClass.py:69] Extracted entities from '| 8. Understand professional and ethical responsib...': ['leader', 'member', 'individual', 'responsibility', 'excellent', 'teams', 'form']
[2025-07-27 18:00:32] [DEBUG] [graphClass.py:122] Chunk 192: 7 entities - ['leader', 'member', 'individual', 'responsibility', 'excellent']
[2025-07-27 18:00:32] [DEBUG] [graphClass.py:69] Extracted entities from '11. Acquired project management and finance skills...': ['project', 'machine', 'problems', 'finance', 'principles', 'world', 'artificial', 'management', 'software', 'allocation', 'excellent', 'resource', 'problem', 'skills', 'adept', 'development', 'life', 'learning', 'budgeting', 'projects', 'programming', 'artificial intelligence & machine learning', 'intelligence']
[2025-07-27 18:00:32] [DEBUG] [graphClass.py:122] Chunk 193: 23 entities - ['project', 'machine', 'problems', 'finance', 'principles']
[2025-07-27 18:00:32] [DEBUG] [graphClass.py:69] Extracted entities from '& Machine Learning principles.: Excellent | 15. Pr...': ['computing', 'machine', 'resources', 'principles', 'computer', 'excellent', 'technologies', 'learning', 'system']
[2025-07-27 18:00:33] [DEBUG] [graphClass.py:122] Chunk 194: 9 entities - ['computing', 'machine', 'resources', 'principles', 'computer']
[2025-07-27 18:00:33] [DEBUG] [graphClass.py:69] Extracted entities from 'Timestamp: 10/26/2024 14:23:00 | Email Address: ta...': ['safety', 'problems', 'email', 'address', 'very good', 'mathematics', 'computer', 'solutions', 'science', 'branch', 'usn', 'systems', 'health', 'engineering', 'aiml', 'email address', 'knowledge', 'fathima', 'student', 'factors', 'tazyeen', 'timestamp']
[2025-07-27 18:00:33] [DEBUG] [graphClass.py:122] Chunk 195: 22 entities - ['safety', 'problems', 'email', 'address', 'very good']
[2025-07-27 18:00:33] [DEBUG] [graphClass.py:69] Extracted entities from 'environmental factors.: Very Good | 4. Capable of ...': ['very good', 'machine', 'problems', 'software', 'impact', 'solutions', 'need', 'investigations', 'society', 'development', 'equipment', 'intelligence', 'learning', 'practice', 'factors', 'issues', 'engineering']
[2025-07-27 18:00:33] [DEBUG] [graphClass.py:122] Chunk 196: 17 entities - ['very good', 'machine', 'problems', 'software', 'impact']
[2025-07-27 18:00:33] [DEBUG] [graphClass.py:69] Extracted entities from 'Very Good | 8. Understand professional and ethical...': ['leader', 'very good', 'member', 'individual', 'responsibility', 'excellent', 'teams', 'form']
[2025-07-27 18:00:33] [DEBUG] [graphClass.py:122] Chunk 197: 8 entities - ['leader', 'very good', 'member', 'individual', 'responsibility']
[2025-07-27 18:00:33] [DEBUG] [graphClass.py:69] Extracted entities from '11. Acquired project management and finance skills...': ['project', 'machine', 'problems', 'finance', 'principles', 'world', 'artificial', 'management', 'very good', 'software', 'allocation', 'resource', 'problem', 'skills', 'adept', 'development', 'life', 'learning', 'budgeting', 'projects', 'programming', 'artificial intelligence & machine learning', 'intelligence']
[2025-07-27 18:00:34] [DEBUG] [graphClass.py:122] Chunk 198: 23 entities - ['project', 'machine', 'problems', 'finance', 'principles']
[2025-07-27 18:00:34] [DEBUG] [graphClass.py:69] Extracted entities from '& Machine Learning principles.: Very  Good | 15. P...': ['very good', 'computing', 'machine', 'resources', 'principles', 'computer', 'technologies', 'learning', 'system']
[2025-07-27 18:00:34] [DEBUG] [graphClass.py:122] Chunk 199: 9 entities - ['very good', 'computing', 'machine', 'resources', 'principles']
[2025-07-27 18:00:34] [DEBUG] [graphClass.py:69] Extracted entities from 'Timestamp: 10/26/2024 14:23:20 | Email Address: ne...': ['nehal k sahukar', 'safety', 'problems', 'email', 'address', 'mathematics', 'computer', 'excellent', 'solutions', 'science', 'sahukar', 'branch', 'usn', 'systems', 'health', 'nehal', 'engineering', 'aiml', 'email address', 'knowledge', 'student', 'factors', 'timestamp']
[2025-07-27 18:00:34] [DEBUG] [graphClass.py:122] Chunk 200: 23 entities - ['nehal k sahukar', 'safety', 'problems', 'email', 'address']
[2025-07-27 18:00:34] [DEBUG] [graphClass.py:69] Extracted entities from 'environmental factors.: Excellent | 4. Capable of ...': ['machine', 'problems', 'software', 'impact', 'solutions', 'need', 'investigations', 'society', 'excellent', 'development', 'equipment', 'intelligence', 'learning', 'practice', 'factors', 'issues', 'engineering']
[2025-07-27 18:00:35] [DEBUG] [graphClass.py:122] Chunk 201: 17 entities - ['machine', 'problems', 'software', 'impact', 'solutions']
[2025-07-27 18:00:35] [DEBUG] [graphClass.py:69] Extracted entities from 'Excellent | 8. Understand professional and ethical...': ['leader', 'member', 'individual', 'responsibility', 'excellent', 'teams', 'form']
[2025-07-27 18:00:35] [DEBUG] [graphClass.py:122] Chunk 202: 7 entities - ['leader', 'member', 'individual', 'responsibility', 'excellent']
[2025-07-27 18:00:35] [DEBUG] [graphClass.py:69] Extracted entities from '11. Acquired project management and finance skills...': ['project', 'machine', 'problems', 'finance', 'principles', 'world', 'artificial', 'management', 'software', 'allocation', 'excellent', 'resource', 'problem', 'skills', 'adept', 'development', 'life', 'learning', 'budgeting', 'projects', 'programming', 'artificial intelligence & machine learning', 'intelligence']
[2025-07-27 18:00:35] [DEBUG] [graphClass.py:122] Chunk 203: 23 entities - ['project', 'machine', 'problems', 'finance', 'principles']
[2025-07-27 18:00:35] [DEBUG] [graphClass.py:69] Extracted entities from '& Machine Learning principles.: Excellent | 15. Pr...': ['computing', 'machine', 'resources', 'principles', 'computer', 'excellent', 'technologies', 'learning', 'system']
[2025-07-27 18:00:35] [DEBUG] [graphClass.py:122] Chunk 204: 9 entities - ['computing', 'machine', 'resources', 'principles', 'computer']
[2025-07-27 18:00:35] [DEBUG] [graphClass.py:69] Extracted entities from 'Timestamp: 10/26/2024 14:35:01 | Email Address: pa...': ['safety', 'problems', 'email', 'pavithra', 'address', 'mathematics', 'computer', 'excellent', 'solutions', 'science', 'branch', 'usn', 'systems', 'health', 'engineering', 'aiml', 'email address', 'knowledge', 'student', 'factors', 'timestamp']
[2025-07-27 18:00:35] [DEBUG] [graphClass.py:122] Chunk 205: 21 entities - ['safety', 'problems', 'email', 'pavithra', 'address']
[2025-07-27 18:00:35] [DEBUG] [graphClass.py:69] Extracted entities from 'factors.: Excellent | 4. Capable of conducting inv...': ['machine', 'problems', 'software', 'impact', 'solutions', 'need', 'investigations', 'society', 'excellent', 'development', 'equipment', 'intelligence', 'learning', 'practice', 'factors', 'issues', 'engineering']
[2025-07-27 18:00:35] [DEBUG] [graphClass.py:122] Chunk 206: 17 entities - ['machine', 'problems', 'software', 'impact', 'solutions']
[2025-07-27 18:00:35] [DEBUG] [graphClass.py:69] Extracted entities from '| 8. Understand professional and ethical responsib...': ['leader', 'member', 'individual', 'responsibility', 'excellent', 'teams', 'form']
[2025-07-27 18:00:36] [DEBUG] [graphClass.py:122] Chunk 207: 7 entities - ['leader', 'member', 'individual', 'responsibility', 'excellent']
[2025-07-27 18:00:36] [DEBUG] [graphClass.py:69] Extracted entities from '11. Acquired project management and finance skills...': ['project', 'machine', 'problems', 'finance', 'principles', 'world', 'artificial', 'management', 'software', 'allocation', 'excellent', 'resource', 'problem', 'skills', 'adept', 'development', 'life', 'learning', 'budgeting', 'projects', 'programming', 'artificial intelligence & machine learning', 'intelligence']
[2025-07-27 18:00:36] [DEBUG] [graphClass.py:122] Chunk 208: 23 entities - ['project', 'machine', 'problems', 'finance', 'principles']
[2025-07-27 18:00:36] [DEBUG] [graphClass.py:69] Extracted entities from '& Machine Learning principles.: Excellent | 15. Pr...': ['computing', 'machine', 'resources', 'principles', 'computer', 'excellent', 'technologies', 'learning', 'system']
[2025-07-27 18:00:36] [DEBUG] [graphClass.py:122] Chunk 209: 9 entities - ['computing', 'machine', 'resources', 'principles', 'computer']
[2025-07-27 18:00:36] [DEBUG] [graphClass.py:69] Extracted entities from 'Timestamp: 10/26/2024 14:38:41 | Email Address: 20...': ['safety', 'problems', 'email', 'atada', 'address', 'kishor', 'mathematics', 'computer', 'excellent', 'solutions', 'science', 'hemanth', 'branch', 'usn', 'systems', 'health', 'engineering', 'aiml', 'email address', 'student name', 'knowledge', 'student', 'factors', 'timestamp']
[2025-07-27 18:00:36] [DEBUG] [graphClass.py:122] Chunk 210: 24 entities - ['safety', 'problems', 'email', 'atada', 'address']
[2025-07-27 18:00:37] [DEBUG] [graphClass.py:69] Extracted entities from 'factors.: Good | 4. Capable of conducting investig...': ['very good', 'machine', 'problems', 'software', 'impact', 'solutions', 'need', 'investigations', 'society', 'development', 'responsibility', 'equipment', 'intelligence', 'learning', 'practice', 'factors', 'issues', 'engineering']
[2025-07-27 18:00:37] [DEBUG] [graphClass.py:122] Chunk 211: 18 entities - ['very good', 'machine', 'problems', 'software', 'impact']
[2025-07-27 18:00:37] [DEBUG] [graphClass.py:69] Extracted entities from 'professional and ethical responsibility.: Satisfac...': ['very good', 'leader', 'member', 'individual', 'form', 'responsibility', 'teams', 'professional and ethical']
[2025-07-27 18:00:37] [DEBUG] [graphClass.py:122] Chunk 212: 8 entities - ['very good', 'leader', 'member', 'individual', 'form']
[2025-07-27 18:00:37] [DEBUG] [graphClass.py:69] Extracted entities from '11. Acquired project management and finance skills...': ['project', 'machine', 'problems', 'finance', 'principles', 'world', 'artificial', 'management', 'software', 'allocation', 'resource', 'problem', 'skills', 'adept', 'development', 'life', 'learning', 'budgeting', 'projects', 'programming', 'artificial intelligence & machine learning', 'intelligence']
[2025-07-27 18:00:37] [DEBUG] [graphClass.py:122] Chunk 213: 22 entities - ['project', 'machine', 'problems', 'finance', 'principles']
[2025-07-27 18:00:37] [DEBUG] [graphClass.py:69] Extracted entities from 'principles.: Very  Good | 15. Proficient in effici...': ['very good', 'computing', 'resources', 'principles', 'computer', 'technologies', 'system']
[2025-07-27 18:00:37] [DEBUG] [graphClass.py:122] Chunk 214: 7 entities - ['very good', 'computing', 'resources', 'principles', 'computer']
[2025-07-27 18:00:37] [DEBUG] [graphClass.py:69] Extracted entities from 'Timestamp: 10/26/2024 15:09:21 | Email Address: 1d...': ['safety', 'problems', 'email', 'address', 'shravan  a s', 'mathematics', 'computer', 'excellent', 'solutions', 'science', 'shravan', 'branch', 'usn', 'systems', 'health', 'engineering', 'aiml', 'email address', 'knowledge', 'student', 'factors', 'timestamp']
[2025-07-27 18:00:38] [DEBUG] [graphClass.py:122] Chunk 215: 22 entities - ['safety', 'problems', 'email', 'address', 'shravan  a s']
[2025-07-27 18:00:38] [DEBUG] [graphClass.py:69] Extracted entities from 'factors.: Excellent | 4. Capable of conducting inv...': ['machine', 'problems', 'software', 'impact', 'solutions', 'need', 'investigations', 'society', 'excellent', 'development', 'equipment', 'intelligence', 'learning', 'practice', 'factors', 'issues', 'engineering']
[2025-07-27 18:00:38] [DEBUG] [graphClass.py:122] Chunk 216: 17 entities - ['machine', 'problems', 'software', 'impact', 'solutions']
[2025-07-27 18:00:38] [DEBUG] [graphClass.py:69] Extracted entities from '| 8. Understand professional and ethical responsib...': ['leader', 'member', 'individual', 'responsibility', 'excellent', 'teams', 'form']
[2025-07-27 18:00:38] [DEBUG] [graphClass.py:122] Chunk 217: 7 entities - ['leader', 'member', 'individual', 'responsibility', 'excellent']
[2025-07-27 18:00:38] [DEBUG] [graphClass.py:69] Extracted entities from '11. Acquired project management and finance skills...': ['project', 'machine', 'problems', 'finance', 'principles', 'world', 'artificial', 'management', 'software', 'allocation', 'excellent', 'resource', 'problem', 'skills', 'adept', 'development', 'life', 'learning', 'budgeting', 'projects', 'programming', 'artificial intelligence & machine learning', 'intelligence']
[2025-07-27 18:00:38] [DEBUG] [graphClass.py:122] Chunk 218: 23 entities - ['project', 'machine', 'problems', 'finance', 'principles']
[2025-07-27 18:00:38] [DEBUG] [graphClass.py:69] Extracted entities from '& Machine Learning principles.: Excellent | 15. Pr...': ['computing', 'machine', 'resources', 'principles', 'computer', 'excellent', 'technologies', 'learning', 'system']
[2025-07-27 18:00:39] [DEBUG] [graphClass.py:122] Chunk 219: 9 entities - ['computing', 'machine', 'resources', 'principles', 'computer']
[2025-07-27 18:00:39] [DEBUG] [graphClass.py:69] Extracted entities from 'Timestamp: 10/26/2024 15:19:49 | Email Address: vi...': ['safety', 'problems', 'email', 'address', 'mathematics', 'computer', 'excellent', 'solutions', 'science', 'vineel', 'branch', 'usn', 'systems', 'health', 'engineering', 'aiml', 'email address', 'knowledge', 'student', 'factors', 'timestamp']
[2025-07-27 18:00:39] [DEBUG] [graphClass.py:122] Chunk 220: 21 entities - ['safety', 'problems', 'email', 'address', 'mathematics']
[2025-07-27 18:00:39] [DEBUG] [graphClass.py:69] Extracted entities from 'factors.: Excellent | 4. Capable of conducting inv...': ['machine', 'problems', 'software', 'impact', 'solutions', 'need', 'investigations', 'society', 'excellent', 'development', 'equipment', 'intelligence', 'learning', 'practice', 'factors', 'issues', 'engineering']
[2025-07-27 18:00:39] [DEBUG] [graphClass.py:122] Chunk 221: 17 entities - ['machine', 'problems', 'software', 'impact', 'solutions']
[2025-07-27 18:00:39] [DEBUG] [graphClass.py:69] Extracted entities from '| 8. Understand professional and ethical responsib...': ['leader', 'member', 'individual', 'responsibility', 'excellent', 'teams', 'form']
[2025-07-27 18:00:39] [DEBUG] [graphClass.py:122] Chunk 222: 7 entities - ['leader', 'member', 'individual', 'responsibility', 'excellent']
[2025-07-27 18:00:39] [DEBUG] [graphClass.py:69] Extracted entities from '11. Acquired project management and finance skills...': ['project', 'machine', 'problems', 'finance', 'principles', 'world', 'artificial', 'management', 'software', 'allocation', 'excellent', 'resource', 'problem', 'skills', 'adept', 'development', 'life', 'learning', 'budgeting', 'projects', 'programming', 'artificial intelligence & machine learning', 'intelligence']
[2025-07-27 18:00:40] [DEBUG] [graphClass.py:122] Chunk 223: 23 entities - ['project', 'machine', 'problems', 'finance', 'principles']
[2025-07-27 18:00:40] [DEBUG] [graphClass.py:69] Extracted entities from '& Machine Learning principles.: Excellent | 15. Pr...': ['computing', 'machine', 'resources', 'principles', 'computer', 'excellent', 'technologies', 'learning', 'system']
[2025-07-27 18:00:40] [DEBUG] [graphClass.py:122] Chunk 224: 9 entities - ['computing', 'machine', 'resources', 'principles', 'computer']
[2025-07-27 18:00:40] [DEBUG] [graphClass.py:69] Extracted entities from 'Timestamp: 10/26/2024 16:01:21 | Email Address: ni...': ['safety', 'problems', 'email', 'niranthar', 'address', 'mathematics', 'computer', 'solutions', 'science', 'branch', 'usn', 'systems', 'health', 'engineering', 'aiml', 'email address', 'knowledge', 'investigations', 'student', 'factors', 'timestamp']
[2025-07-27 18:00:40] [DEBUG] [graphClass.py:122] Chunk 225: 21 entities - ['safety', 'problems', 'email', 'niranthar', 'address']
[2025-07-27 18:00:40] [DEBUG] [graphClass.py:69] Extracted entities from 'Good | 4. Capable of conducting investigations int...': ['machine', 'problems', 'software', 'impact', 'solutions', 'need', 'investigations', 'society', 'development', 'responsibility', 'equipment', 'intelligence', 'learning', 'practice', 'engineering', 'issues']
[2025-07-27 18:00:41] [DEBUG] [graphClass.py:122] Chunk 226: 16 entities - ['machine', 'problems', 'software', 'impact', 'solutions']
[2025-07-27 18:00:41] [DEBUG] [graphClass.py:69] Extracted entities from 'responsibility.: Good | 9. Able to function effect...': ['leader', 'member', 'individual', 'responsibility', 'teams', 'form']
[2025-07-27 18:00:41] [DEBUG] [graphClass.py:122] Chunk 227: 6 entities - ['leader', 'member', 'individual', 'responsibility', 'teams']
[2025-07-27 18:00:41] [DEBUG] [graphClass.py:69] Extracted entities from '11. Acquired project management and finance skills...': ['project', 'machine', 'problems', 'finance', 'principles', 'world', 'artificial', 'management', 'software', 'allocation', 'resource', 'problem', 'skills', 'adept', 'development', 'life', 'learning', 'budgeting', 'projects', 'programming', 'artificial intelligence & machine learning', 'intelligence']
[2025-07-27 18:00:41] [DEBUG] [graphClass.py:122] Chunk 228: 22 entities - ['project', 'machine', 'problems', 'finance', 'principles']
[2025-07-27 18:00:41] [DEBUG] [graphClass.py:69] Extracted entities from 'principles.: Good | 15. Proficient in efficiently ...': ['computing', 'resources', 'principles', 'computer', 'technologies', 'system']
[2025-07-27 18:00:41] [DEBUG] [graphClass.py:122] Chunk 229: 6 entities - ['computing', 'resources', 'principles', 'computer', 'technologies']
[2025-07-27 18:00:41] [INFO] [graphClass.py:124] Graph created: 230 chunks, 3598 total entities
[2025-07-27 18:00:42] [INFO] [graphClass.py:150] Graph verification - Session: f74ced04-1e1f-491f-aacf-fe52814a589f, Chunks: 230, Entities: 162
[2025-07-27 18:00:42] [INFO] [ChatbotSessionManager.py:149] Session f74ced04-1e1f-491f-aacf-fe52814a589f stored in Redis (primary) and local cache (fallback)
[2025-07-27 18:00:42] [INFO] [app.py:209] Session f74ced04-1e1f-491f-aacf-fe52814a589f created successfully
[2025-07-27 18:01:06] [INFO] [app.py:224] Processing query for session f74ced04-1e1f-491f-aacf-fe52814a589f
[2025-07-27 18:01:06] [INFO] [ChatbotSessionManager.py:167] Session f74ced04-1e1f-491f-aacf-fe52814a589f retrieved from Redis (primary cache)
[2025-07-27 18:01:06] [INFO] [proceessor.py:115] Answering question: 'how is the overall feedback of the student' for session: f74ced04-1e1f-491f-aacf-fe52814a589f
[2025-07-27 18:01:06] [INFO] [proceessor.py:122] Vector search returned 10 documents
[2025-07-27 18:01:06] [DEBUG] [proceessor.py:124] Vector doc 0: development.: Satisfactory | 8. Understand professional and ethical responsibility.: Satisfactory | ...
[2025-07-27 18:01:06] [DEBUG] [proceessor.py:124] Vector doc 1: development.: Satisfactory | 8. Understand professional and ethical responsibility.: Satisfactory | ...
[2025-07-27 18:01:06] [INFO] [proceessor.py:129] Attempting graph search...
[2025-07-27 18:01:06] [DEBUG] [graphClass.py:69] Extracted entities from 'how is the overall feedback of the student...': ['feedback', 'student']
[2025-07-27 18:01:06] [DEBUG] [graphClass.py:163] Query: 'how is the overall feedback of the student' -> Entities: ['feedback', 'student']
[2025-07-27 18:01:07] [INFO] [graphClass.py:186] Graph search found 5 results via entity matching
[2025-07-27 18:01:07] [INFO] [proceessor.py:131] Graph search returned 5 results
[2025-07-27 18:01:07] [DEBUG] [proceessor.py:134] Graph result 0: Timestamp: 10/26/2024 16:01:21 | Email Address: nirantharnnms@gmail.com | Student USN: 1DS20AI035 | ...
[2025-07-27 18:01:07] [DEBUG] [proceessor.py:134] Graph result 1: Timestamp: 10/26/2024 15:19:49 | Email Address: vineelakashp@gmail.com | Student USN: 1DS20AI041 | S...
[2025-07-27 18:01:07] [INFO] [proceessor.py:143] Using hybrid context (vector + graph)
[2025-07-27 18:01:07] [DEBUG] [proceessor.py:149] Context length: 6351 characters
[2025-07-27 18:01:08] [INFO] [proceessor.py:168] Answer generated: 2036 characters, search_type: hybrid
[2025-07-27 18:02:15] [INFO] [app.py:224] Processing query for session f74ced04-1e1f-491f-aacf-fe52814a589f
[2025-07-27 18:02:15] [INFO] [ChatbotSessionManager.py:167] Session f74ced04-1e1f-491f-aacf-fe52814a589f retrieved from Redis (primary cache)
[2025-07-27 18:02:15] [INFO] [proceessor.py:115] Answering question: 'is there any specific outier or any major dissatisfaction mentioned' for session: f74ced04-1e1f-491f-aacf-fe52814a589f
[2025-07-27 18:02:15] [INFO] [proceessor.py:122] Vector search returned 10 documents
[2025-07-27 18:02:15] [DEBUG] [proceessor.py:124] Vector doc 0: development.: Satisfactory | 8. Understand professional and ethical responsibility.: Satisfactory | ...
[2025-07-27 18:02:15] [DEBUG] [proceessor.py:124] Vector doc 1: development.: Satisfactory | 8. Understand professional and ethical responsibility.: Satisfactory | ...
[2025-07-27 18:02:15] [INFO] [proceessor.py:129] Attempting graph search...
[2025-07-27 18:02:15] [DEBUG] [graphClass.py:69] Extracted entities from 'is there any specific outier or any major dissatis...': ['dissatisfaction', 'outier']
[2025-07-27 18:02:15] [DEBUG] [graphClass.py:163] Query: 'is there any specific outier or any major dissatisfaction mentioned' -> Entities: ['dissatisfaction', 'outier']
[2025-07-27 18:02:15] [DEBUG] [graphClass.py:190] No exact matches, trying fuzzy search
[2025-07-27 18:02:15] [INFO] [proceessor.py:131] Graph search returned 0 results
[2025-07-27 18:02:15] [INFO] [proceessor.py:146] Using vector-only context
[2025-07-27 18:02:15] [DEBUG] [proceessor.py:149] Context length: 3944 characters
[2025-07-27 18:02:15] [INFO] [proceessor.py:168] Answer generated: 613 characters, search_type: vector_only
[2025-07-27 18:04:07] [INFO] [app.py:224] Processing query for session f74ced04-1e1f-491f-aacf-fe52814a589f
[2025-07-27 18:04:07] [INFO] [ChatbotSessionManager.py:167] Session f74ced04-1e1f-491f-aacf-fe52814a589f retrieved from Redis (primary cache)
[2025-07-27 18:04:07] [INFO] [proceessor.py:115] Answering question: 'thank you' for session: f74ced04-1e1f-491f-aacf-fe52814a589f
[2025-07-27 18:04:07] [INFO] [proceessor.py:122] Vector search returned 10 documents
[2025-07-27 18:04:07] [DEBUG] [proceessor.py:124] Vector doc 0: Timestamp: 10/26/2024 11:28:51 | Email Address: anusha.cse20@gmail.com | Student USN: 1DS20AI010 | S...
[2025-07-27 18:04:07] [DEBUG] [proceessor.py:124] Vector doc 1: Timestamp: 10/26/2024 14:23:00 | Email Address: tazyeenfathima007@gmail.com | Student USN: 1DS20AI05...
[2025-07-27 18:04:07] [INFO] [proceessor.py:129] Attempting graph search...
[2025-07-27 18:04:07] [DEBUG] [graphClass.py:69] Extracted entities from 'thank you...': []
[2025-07-27 18:04:07] [DEBUG] [graphClass.py:163] Query: 'thank you' -> Entities: []
[2025-07-27 18:04:07] [DEBUG] [graphClass.py:166] No entities found in query, trying keyword search
[2025-07-27 18:04:07] [INFO] [proceessor.py:131] Graph search returned 0 results
[2025-07-27 18:04:07] [INFO] [proceessor.py:146] Using vector-only context
[2025-07-27 18:04:07] [DEBUG] [proceessor.py:149] Context length: 4948 characters
[2025-07-27 18:04:07] [INFO] [proceessor.py:168] Answer generated: 130 characters, search_type: vector_only
[2025-07-27 18:04:23] [INFO] [app.py:169] Starting session 8aa3b262-1c9b-416f-b38b-53ac7a86372e
[2025-07-27 18:04:23] [WARNING] [ChatbotSessionManager.py:185] Session 8aa3b262-1c9b-416f-b38b-53ac7a86372e not found in either Redis or local cache
[2025-07-27 18:04:23] [DEBUG] [utils.py:88]  Fetching data from: https://docs.google.com/spreadsheets/d/17wuE4zThdDHuRMfGZF4IR9R_RxoyzYU1PQ52IikMXoY/export?format=csv
[2025-07-27 18:04:23] [DEBUG] [utils.py:94] ✅ Successfully loaded 100 rows and 1 columns
[2025-07-27 18:04:23] [INFO] [proceessor.py:54] Created 3 chunks from text of length 1008
[2025-07-27 18:04:23] [DEBUG] [proceessor.py:58] Chunk 0 preview: rating: 8
rating: 10
rating: 3
rating: 2
rating: 1
rating: 3
rating: 8
rating: 6
rating: 8
rating: 5...
[2025-07-27 18:04:23] [DEBUG] [proceessor.py:58] Chunk 1 preview: rating: 2
rating: 1
rating: 7
rating: 2
rating: 2
rating: 9
rating: 5
rating: 6
rating: 1
rating: 5
...
[2025-07-27 18:04:23] [DEBUG] [proceessor.py:58] Chunk 2 preview: rating: 9
rating: 10
rating: 6
rating: 3
rating: 7
rating: 10
rating: 3
rating: 5
rating: 2
rating: ...
[2025-07-27 18:04:23] [INFO] [app.py:184] Created 3 chunks
[2025-07-27 18:04:23] [INFO] [proceessor.py:78] QA system created with 3 chunks
[2025-07-27 18:04:23] [INFO] [graphClass.py:85] Created session node for: 8aa3b262-1c9b-416f-b38b-53ac7a86372e
[2025-07-27 18:04:23] [DEBUG] [graphClass.py:69] Extracted entities from 'rating: 8
rating: 10
rating: 3
rating: 2
rating: 1...': ['rating']
[2025-07-27 18:04:23] [DEBUG] [graphClass.py:122] Chunk 0: 1 entities - ['rating']
[2025-07-27 18:04:23] [DEBUG] [graphClass.py:69] Extracted entities from 'rating: 2
rating: 1
rating: 7
rating: 2
rating: 2
...': ['rating']
[2025-07-27 18:04:23] [DEBUG] [graphClass.py:122] Chunk 1: 1 entities - ['rating']
[2025-07-27 18:04:23] [DEBUG] [graphClass.py:69] Extracted entities from 'rating: 9
rating: 10
rating: 6
rating: 3
rating: 7...': ['rating']
[2025-07-27 18:04:23] [DEBUG] [graphClass.py:122] Chunk 2: 1 entities - ['rating']
[2025-07-27 18:04:23] [INFO] [graphClass.py:124] Graph created: 3 chunks, 3 total entities
[2025-07-27 18:04:23] [INFO] [graphClass.py:150] Graph verification - Session: 8aa3b262-1c9b-416f-b38b-53ac7a86372e, Chunks: 3, Entities: 1
[2025-07-27 18:04:23] [INFO] [ChatbotSessionManager.py:149] Session 8aa3b262-1c9b-416f-b38b-53ac7a86372e stored in Redis (primary) and local cache (fallback)
[2025-07-27 18:04:23] [INFO] [app.py:209] Session 8aa3b262-1c9b-416f-b38b-53ac7a86372e created successfully
[2025-07-27 18:04:30] [INFO] [app.py:224] Processing query for session 8aa3b262-1c9b-416f-b38b-53ac7a86372e
[2025-07-27 18:04:30] [INFO] [ChatbotSessionManager.py:167] Session 8aa3b262-1c9b-416f-b38b-53ac7a86372e retrieved from Redis (primary cache)
[2025-07-27 18:04:30] [INFO] [proceessor.py:115] Answering question: 'hello' for session: 8aa3b262-1c9b-416f-b38b-53ac7a86372e
[2025-07-27 18:04:30] [INFO] [proceessor.py:122] Vector search returned 3 documents
[2025-07-27 18:04:30] [DEBUG] [proceessor.py:124] Vector doc 0: rating: 9
rating: 10
rating: 6
rating: 3
rating: 7
rating: 10
rating: 3
rating: 5
rating: 2
rating: ...
[2025-07-27 18:04:30] [DEBUG] [proceessor.py:124] Vector doc 1: rating: 8
rating: 10
rating: 3
rating: 2
rating: 1
rating: 3
rating: 8
rating: 6
rating: 8
rating: 5...
[2025-07-27 18:04:30] [INFO] [proceessor.py:129] Attempting graph search...
[2025-07-27 18:04:30] [DEBUG] [graphClass.py:69] Extracted entities from 'hello...': []
[2025-07-27 18:04:30] [DEBUG] [graphClass.py:163] Query: 'hello' -> Entities: []
[2025-07-27 18:04:30] [DEBUG] [graphClass.py:166] No entities found in query, trying keyword search
[2025-07-27 18:04:31] [INFO] [proceessor.py:131] Graph search returned 0 results
[2025-07-27 18:04:31] [INFO] [proceessor.py:146] Using vector-only context
[2025-07-27 18:04:31] [DEBUG] [proceessor.py:149] Context length: 1091 characters
[2025-07-27 18:04:31] [INFO] [proceessor.py:168] Answer generated: 174 characters, search_type: vector_only
[2025-07-27 18:04:41] [INFO] [app.py:224] Processing query for session 8aa3b262-1c9b-416f-b38b-53ac7a86372e
[2025-07-27 18:04:41] [INFO] [ChatbotSessionManager.py:167] Session 8aa3b262-1c9b-416f-b38b-53ac7a86372e retrieved from Redis (primary cache)
[2025-07-27 18:04:41] [INFO] [proceessor.py:115] Answering question: 'how is the overall rating?' for session: 8aa3b262-1c9b-416f-b38b-53ac7a86372e
[2025-07-27 18:04:41] [INFO] [proceessor.py:122] Vector search returned 3 documents
[2025-07-27 18:04:41] [DEBUG] [proceessor.py:124] Vector doc 0: rating: 9
rating: 10
rating: 6
rating: 3
rating: 7
rating: 10
rating: 3
rating: 5
rating: 2
rating: ...
[2025-07-27 18:04:41] [DEBUG] [proceessor.py:124] Vector doc 1: rating: 2
rating: 1
rating: 7
rating: 2
rating: 2
rating: 9
rating: 5
rating: 6
rating: 1
rating: 5
...
[2025-07-27 18:04:41] [INFO] [proceessor.py:129] Attempting graph search...
[2025-07-27 18:04:41] [DEBUG] [graphClass.py:69] Extracted entities from 'how is the overall rating?...': ['rating']
[2025-07-27 18:04:41] [DEBUG] [graphClass.py:163] Query: 'how is the overall rating?' -> Entities: ['rating']
[2025-07-27 18:04:42] [INFO] [graphClass.py:186] Graph search found 3 results via entity matching
[2025-07-27 18:04:42] [INFO] [proceessor.py:131] Graph search returned 3 results
[2025-07-27 18:04:42] [DEBUG] [proceessor.py:134] Graph result 0: rating: 9
rating: 10
rating: 6
rating: 3
rating: 7
rating: 10
rating: 3
rating: 5
rating: 2
rating: ...
[2025-07-27 18:04:42] [DEBUG] [proceessor.py:134] Graph result 1: rating: 2
rating: 1
rating: 7
rating: 2
rating: 2
rating: 9
rating: 5
rating: 6
rating: 1
rating: 5
...
[2025-07-27 18:04:42] [INFO] [proceessor.py:143] Using hybrid context (vector + graph)
[2025-07-27 18:04:42] [DEBUG] [proceessor.py:149] Context length: 2229 characters
[2025-07-27 18:04:44] [INFO] [proceessor.py:168] Answer generated: 1663 characters, search_type: hybrid
[2025-07-27 18:30:49] [INFO] [ChatbotSessionManager.py:70] Redis connected successfully - using as primary cache
[2025-07-27 18:30:49] [INFO] [Simpleneo4jKB.py:38] Neo4j connected successfully
[2025-07-27 18:30:49] [INFO] [Simpleneo4jKB.py:48] SpaCy model loaded successfully
[2025-07-27 18:30:55] [INFO] [GroqRAGProcessor.py:37] RAG Processor initialized
[2025-07-27 18:31:20] [DEBUG] [taskManager.py:30] Task: 8375f914-606e-4abc-8726-a5a92cd0e35d added to queue
[2025-07-27 18:31:20] [DEBUG] [taskManager.py:54] Processing called for Task: 8375f914-606e-4abc-8726-a5a92cd0e35d at time : 2025-07-27 18:31:20.670896
[2025-07-27 18:31:20] [DEBUG] [utils.py:520] Starting analysis task 8375f914-606e-4abc-8726-a5a92cd0e35d
[2025-07-27 18:31:20] [DEBUG] [utils.py:88]  Fetching data from: https://docs.google.com/spreadsheets/d/1STyEshSdfP5ilAJrjxLRRZCXnoQRYBa8fxlWJYFHPzU/export?format=csv
[2025-07-27 18:31:21] [DEBUG] [utils.py:94] ✅ Successfully loaded 46 rows and 19 columns
[2025-07-27 18:31:21] [DEBUG] [analyzer.py:118] 15 columns considerd and they are ['1. Gained knowledge of mathematics and science required for AIML branch of Engineering.', '2. Able to identify, formulate and solve engineering problems', '3. Learn to design solutions for complex computer science and systems, considering public health, safety, and cultural, societal, and environmental factors.', '4. Capable of conducting investigations into complex artificial intelligence and machine learning issues.', '5. Learned to use modern software and equipment to analyze problems essential for engineering practice.', '6. Able to recognize the impact of engineering on society.', '7. Recognize the societal and environmental impact of solutions and the need for sustainable development.', '8. Understand professional and ethical responsibility.', '9. Able to function effectively as an individual and as a member or leader in diverse, multidisciplinary teams.', '10. Able to communicate effectively in both verbal and written form.', '\n11. Acquired project management and finance skills, including budgeting and resource allocation, and can lead projects effectively.', '12. Embraced life-long learning and committed to continuous professional development.', '13. Adept in programming and problem solving skills for developing and managing software.', '14. Identify, formulate, predict and solve real-world problems by applying Artificial Intelligence & Machine Learning principles.', '15. Proficient in efficiently managing computer system resources using cloud computing technologies.']
[2025-07-27 18:31:21] [DEBUG] [analyzer.py:119] 4 columns removed and they are ['Timestamp', 'Email Address', 'Student USN', 'Student Name']
[2025-07-27 18:31:23] [INFO] [app.py:169] Starting session ca6ffd3e-05ae-4ab9-9078-54fb05f84baa
[2025-07-27 18:31:23] [WARNING] [ChatbotSessionManager.py:184] Session ca6ffd3e-05ae-4ab9-9078-54fb05f84baa not found in either Redis or local cache
[2025-07-27 18:31:23] [DEBUG] [utils.py:88]  Fetching data from: https://docs.google.com/spreadsheets/d/1STyEshSdfP5ilAJrjxLRRZCXnoQRYBa8fxlWJYFHPzU/export?format=csv
[2025-07-27 18:31:24] [DEBUG] [utils.py:94] ✅ Successfully loaded 46 rows and 19 columns
[2025-07-27 18:31:24] [INFO] [GroqRAGProcessor.py:54] Created 230 chunks from text of length 81573
[2025-07-27 18:31:24] [DEBUG] [GroqRAGProcessor.py:58] Chunk 0 preview: Timestamp: 10/26/2024 10:39:10 | 1. Gained knowledge of mathematics and science required for AIML br...
[2025-07-27 18:31:24] [DEBUG] [GroqRAGProcessor.py:58] Chunk 1 preview: and machine learning issues.: Excellent | 5. Learned to use modern software and equipment to analyze...
[2025-07-27 18:31:24] [DEBUG] [GroqRAGProcessor.py:58] Chunk 2 preview: as an individual and as a member or leader in diverse, multidisciplinary teams.: Excellent | 10. Abl...
[2025-07-27 18:31:24] [INFO] [app.py:184] Created 230 chunks
[2025-07-27 18:31:32] [INFO] [GroqRAGProcessor.py:78] QA system created with 230 chunks
[2025-07-27 18:31:33] [INFO] [Simpleneo4jKB.py:86] Created session node for: ca6ffd3e-05ae-4ab9-9078-54fb05f84baa
[2025-07-27 18:31:33] [DEBUG] [Simpleneo4jKB.py:70] Extracted entities from 'Timestamp: 10/26/2024 10:39:10 | 1. Gained knowled...': ['issues', 'knowledge', 'science', 'health', 'problems', 'timestamp', 'learning', 'investigations', 'branch', 'factors', 'systems', 'engineering', 'excellent', 'safety', 'machine', 'aiml', 'computer', 'solutions', 'mathematics', 'intelligence']
[2025-07-27 18:31:34] [DEBUG] [Simpleneo4jKB.py:123] Chunk 0: 20 entities - ['issues', 'knowledge', 'science', 'health', 'problems']
[2025-07-27 18:31:34] [DEBUG] [Simpleneo4jKB.py:70] Extracted entities from 'and machine learning issues.: Excellent | 5. Learn...': ['machine', 'problems', 'individual', 'practice', 'issues', 'society', 'solutions', 'development', 'member', 'software', 'learning', 'responsibility', 'equipment', 'need', 'impact', 'leader', 'engineering', 'excellent']
[2025-07-27 18:31:34] [DEBUG] [Simpleneo4jKB.py:123] Chunk 1: 18 entities - ['machine', 'problems', 'individual', 'practice', 'issues']
[2025-07-27 18:31:34] [DEBUG] [Simpleneo4jKB.py:70] Extracted entities from 'as an individual and as a member or leader in dive...': ['individual', 'member', 'form', 'leader', 'teams', 'excellent']
[2025-07-27 18:31:34] [DEBUG] [Simpleneo4jKB.py:123] Chunk 2: 6 entities - ['individual', 'member', 'form', 'leader', 'teams']
[2025-07-27 18:31:35] [DEBUG] [Simpleneo4jKB.py:70] Extracted entities from '11. Acquired project management and finance skills...': ['project', 'programming', 'skills', 'management', 'problems', 'artificial intelligence & machine learning', 'world', 'allocation', 'development', 'projects', 'learning', 'problem', 'resource', 'principles', 'budgeting', 'excellent', 'artificial', 'adept', 'machine', 'software', 'intelligence', 'finance', 'life']
[2025-07-27 18:31:35] [DEBUG] [Simpleneo4jKB.py:123] Chunk 3: 23 entities - ['project', 'programming', 'skills', 'management', 'problems']
[2025-07-27 18:31:35] [DEBUG] [Simpleneo4jKB.py:70] Extracted entities from '& Machine Learning principles.: Excellent | 15. Pr...': ['machine', 'technologies', 'computer', 'system', 'resources', 'learning', 'principles', 'computing', 'excellent']
[2025-07-27 18:31:35] [DEBUG] [Simpleneo4jKB.py:123] Chunk 4: 9 entities - ['machine', 'technologies', 'computer', 'system', 'resources']
[2025-07-27 18:31:35] [DEBUG] [Simpleneo4jKB.py:70] Extracted entities from 'Timestamp: 10/26/2024 11:24:55 | Email Address: ay...': ['aditya', 'email address', 'email', 'knowledge', 'science', 'health', 'student', 'problems', 'timestamp', 'ayush aditya', 'usn', 'address', 'branch', 'factors', 'engineering', 'excellent', 'systems', 'safety', 'aiml', 'computer', 'solutions', 'mathematics', 'ayush']
[2025-07-27 18:31:36] [DEBUG] [Simpleneo4jKB.py:123] Chunk 5: 23 entities - ['aditya', 'email address', 'email', 'knowledge', 'science']
[2025-07-27 18:31:36] [DEBUG] [Simpleneo4jKB.py:70] Extracted entities from 'environmental factors.: Excellent | 4. Capable of ...': ['machine', 'problems', 'practice', 'issues', 'society', 'solutions', 'development', 'software', 'learning', 'equipment', 'factors', 'intelligence', 'investigations', 'impact', 'need', 'engineering', 'excellent']
[2025-07-27 18:31:36] [DEBUG] [Simpleneo4jKB.py:123] Chunk 6: 17 entities - ['machine', 'problems', 'practice', 'issues', 'society']
[2025-07-27 18:31:36] [DEBUG] [Simpleneo4jKB.py:70] Extracted entities from 'Excellent | 8. Understand professional and ethical...': ['individual', 'member', 'responsibility', 'form', 'leader', 'teams', 'excellent']
[2025-07-27 18:31:36] [DEBUG] [Simpleneo4jKB.py:123] Chunk 7: 7 entities - ['individual', 'member', 'responsibility', 'form', 'leader']
[2025-07-27 18:31:36] [DEBUG] [Simpleneo4jKB.py:70] Extracted entities from '11. Acquired project management and finance skills...': ['project', 'programming', 'skills', 'management', 'problems', 'artificial intelligence & machine learning', 'world', 'allocation', 'development', 'projects', 'learning', 'problem', 'resource', 'principles', 'budgeting', 'excellent', 'artificial', 'adept', 'machine', 'software', 'intelligence', 'finance', 'life']
[2025-07-27 18:31:37] [DEBUG] [Simpleneo4jKB.py:123] Chunk 8: 23 entities - ['project', 'programming', 'skills', 'management', 'problems']
[2025-07-27 18:31:37] [DEBUG] [Simpleneo4jKB.py:70] Extracted entities from '& Machine Learning principles.: Excellent | 15. Pr...': ['machine', 'technologies', 'computer', 'system', 'resources', 'learning', 'principles', 'computing', 'excellent']
[2025-07-27 18:31:37] [DEBUG] [Simpleneo4jKB.py:123] Chunk 9: 9 entities - ['machine', 'technologies', 'computer', 'system', 'resources']
[2025-07-27 18:31:37] [DEBUG] [Simpleneo4jKB.py:70] Extracted entities from 'Timestamp: 10/26/2024 11:25:12 | Email Address: 20...': ['email address', 'email', 'knowledge', 'science', 'health', 'student', 'advaik', 'problems', 'timestamp', 'sunil', 'usn', 'address', 'branch', 'factors', 'systems', 'engineering', 'excellent', 'safety', 'aiml', 'computer', 'solutions', 'mathematics']
[2025-07-27 18:31:37] [DEBUG] [Simpleneo4jKB.py:123] Chunk 10: 22 entities - ['email address', 'email', 'knowledge', 'science', 'health']
[2025-07-27 18:31:37] [DEBUG] [Simpleneo4jKB.py:70] Extracted entities from 'factors.: Excellent | 4. Capable of conducting inv...': ['machine', 'problems', 'practice', 'issues', 'society', 'solutions', 'development', 'software', 'learning', 'equipment', 'factors', 'intelligence', 'investigations', 'impact', 'need', 'engineering', 'excellent']
[2025-07-27 18:31:37] [DEBUG] [Simpleneo4jKB.py:123] Chunk 11: 17 entities - ['machine', 'problems', 'practice', 'issues', 'society']
[2025-07-27 18:31:37] [DEBUG] [Simpleneo4jKB.py:70] Extracted entities from '| 8. Understand professional and ethical responsib...': ['individual', 'member', 'responsibility', 'form', 'leader', 'teams', 'excellent']
[2025-07-27 18:31:37] [DEBUG] [Simpleneo4jKB.py:123] Chunk 12: 7 entities - ['individual', 'member', 'responsibility', 'form', 'leader']
[2025-07-27 18:31:37] [DEBUG] [Simpleneo4jKB.py:70] Extracted entities from '11. Acquired project management and finance skills...': ['project', 'programming', 'skills', 'management', 'problems', 'artificial intelligence & machine learning', 'world', 'allocation', 'development', 'projects', 'learning', 'problem', 'resource', 'principles', 'budgeting', 'excellent', 'artificial', 'adept', 'machine', 'software', 'intelligence', 'finance', 'life']
[2025-07-27 18:31:37] [DEBUG] [Simpleneo4jKB.py:123] Chunk 13: 23 entities - ['project', 'programming', 'skills', 'management', 'problems']
[2025-07-27 18:31:37] [DEBUG] [Simpleneo4jKB.py:70] Extracted entities from '& Machine Learning principles.: Excellent | 15. Pr...': ['machine', 'technologies', 'computer', 'system', 'resources', 'learning', 'principles', 'computing', 'excellent']
[2025-07-27 18:31:37] [DEBUG] [Simpleneo4jKB.py:123] Chunk 14: 9 entities - ['machine', 'technologies', 'computer', 'system', 'resources']
[2025-07-27 18:31:37] [DEBUG] [Simpleneo4jKB.py:70] Extracted entities from 'Timestamp: 10/26/2024 11:25:36 | Email Address: ra...': ['malekop', 'email', 'knowledge', 'science', 'health', 'student', 'problems', 'rahul', 'timestamp', 'usn', 'address', 'branch', 'factors', 'systems', 'engineering', 'excellent', 'safety', 'aiml', 'computer', 'solutions', 'mathematics']
[2025-07-27 18:31:37] [DEBUG] [Simpleneo4jKB.py:123] Chunk 15: 21 entities - ['malekop', 'email', 'knowledge', 'science', 'health']
[2025-07-27 18:31:37] [DEBUG] [Simpleneo4jKB.py:70] Extracted entities from 'environmental factors.: Excellent | 4. Capable of ...': ['machine', 'problems', 'practice', 'issues', 'society', 'solutions', 'development', 'software', 'learning', 'equipment', 'factors', 'intelligence', 'investigations', 'impact', 'need', 'engineering', 'excellent']
[2025-07-27 18:31:38] [DEBUG] [Simpleneo4jKB.py:123] Chunk 16: 17 entities - ['machine', 'problems', 'practice', 'issues', 'society']
[2025-07-27 18:31:38] [DEBUG] [Simpleneo4jKB.py:70] Extracted entities from 'Excellent | 8. Understand professional and ethical...': ['individual', 'member', 'responsibility', 'form', 'leader', 'teams', 'excellent']
[2025-07-27 18:31:38] [DEBUG] [Simpleneo4jKB.py:123] Chunk 17: 7 entities - ['individual', 'member', 'responsibility', 'form', 'leader']
[2025-07-27 18:31:38] [DEBUG] [Simpleneo4jKB.py:70] Extracted entities from '11. Acquired project management and finance skills...': ['project', 'programming', 'skills', 'management', 'problems', 'artificial intelligence & machine learning', 'world', 'allocation', 'development', 'projects', 'learning', 'problem', 'resource', 'principles', 'budgeting', 'excellent', 'artificial', 'adept', 'machine', 'software', 'intelligence', 'finance', 'life']
[2025-07-27 18:31:38] [DEBUG] [Simpleneo4jKB.py:123] Chunk 18: 23 entities - ['project', 'programming', 'skills', 'management', 'problems']
[2025-07-27 18:31:38] [DEBUG] [Simpleneo4jKB.py:70] Extracted entities from '& Machine Learning principles.: Excellent | 15. Pr...': ['machine', 'technologies', 'computer', 'system', 'resources', 'learning', 'principles', 'computing', 'excellent']
[2025-07-27 18:31:38] [DEBUG] [Simpleneo4jKB.py:123] Chunk 19: 9 entities - ['machine', 'technologies', 'computer', 'system', 'resources']
[2025-07-27 18:31:38] [DEBUG] [Simpleneo4jKB.py:70] Extracted entities from 'Timestamp: 10/26/2024 11:25:43 | Email Address: ch...': ['aditya kumar choubey', 'aditya', 'email address', 'email', 'knowledge', 'science', 'health', 'student', 'problems', 'very good', 'timestamp', 'choubeyaditya123@gmail.com', 'usn', 'address', 'branch', 'factors', 'engineering', 'excellent', 'systems', 'safety', 'aiml', 'kumar', 'computer', 'solutions', 'mathematics', 'choubey']
[2025-07-27 18:31:38] [DEBUG] [Simpleneo4jKB.py:123] Chunk 20: 26 entities - ['aditya kumar choubey', 'aditya', 'email address', 'email', 'knowledge']
[2025-07-27 18:31:38] [DEBUG] [Simpleneo4jKB.py:70] Extracted entities from 'environmental factors.: Very Good | 4. Capable of ...': ['machine', 'problems', 'practice', 'issues', 'society', 'solutions', 'very good', 'development', 'software', 'learning', 'equipment', 'factors', 'intelligence', 'investigations', 'impact', 'need', 'engineering', 'excellent']
[2025-07-27 18:31:39] [DEBUG] [Simpleneo4jKB.py:123] Chunk 21: 18 entities - ['machine', 'problems', 'practice', 'issues', 'society']
[2025-07-27 18:31:39] [DEBUG] [Simpleneo4jKB.py:70] Extracted entities from 'Very Good | 8. Understand professional and ethical...': ['individual', 'very good', 'member', 'responsibility', 'form', 'leader', 'teams', 'excellent']
[2025-07-27 18:31:39] [DEBUG] [Simpleneo4jKB.py:123] Chunk 22: 8 entities - ['individual', 'very good', 'member', 'responsibility', 'form']
[2025-07-27 18:31:39] [DEBUG] [Simpleneo4jKB.py:70] Extracted entities from '11. Acquired project management and finance skills...': ['project', 'programming', 'skills', 'management', 'problems', 'artificial intelligence & machine learning', 'world', 'allocation', 'development', 'projects', 'learning', 'problem', 'resource', 'principles', 'budgeting', 'excellent', 'artificial', 'adept', 'machine', 'software', 'intelligence', 'finance', 'life']
[2025-07-27 18:31:40] [DEBUG] [Simpleneo4jKB.py:123] Chunk 23: 23 entities - ['project', 'programming', 'skills', 'management', 'problems']
[2025-07-27 18:31:40] [DEBUG] [Simpleneo4jKB.py:70] Extracted entities from '& Machine Learning principles.: Excellent | 15. Pr...': ['machine', 'technologies', 'computer', 'system', 'resources', 'learning', 'principles', 'computing', 'excellent']
[2025-07-27 18:31:40] [DEBUG] [Simpleneo4jKB.py:123] Chunk 24: 9 entities - ['machine', 'technologies', 'computer', 'system', 'resources']
[2025-07-27 18:31:40] [DEBUG] [Simpleneo4jKB.py:70] Extracted entities from 'Timestamp: 10/26/2024 11:25:50 | Email Address: ra...': ['email address', 'email', 'knowledge', 'science', 'health', 'student', 'problems', 'rakesh', 'very good', 'timestamp', 'usn', 'address', 'branch', 'factors', 'systems', 'engineering', 'safety', 'aiml', 'computer', 'solutions', 'mathematics']
[2025-07-27 18:31:40] [DEBUG] [Simpleneo4jKB.py:123] Chunk 25: 21 entities - ['email address', 'email', 'knowledge', 'science', 'health']
[2025-07-27 18:31:40] [DEBUG] [Simpleneo4jKB.py:70] Extracted entities from 'factors.: Very Good | 4. Capable of conducting inv...': ['machine', 'problems', 'practice', 'issues', 'society', 'solutions', 'very good', 'development', 'software', 'learning', 'equipment', 'factors', 'intelligence', 'investigations', 'impact', 'need', 'engineering']
[2025-07-27 18:31:40] [DEBUG] [Simpleneo4jKB.py:123] Chunk 26: 17 entities - ['machine', 'problems', 'practice', 'issues', 'society']
[2025-07-27 18:31:40] [DEBUG] [Simpleneo4jKB.py:70] Extracted entities from 'Good | 8. Understand professional and ethical resp...': ['individual', 'very good', 'member', 'responsibility', 'form', 'leader', 'teams']
[2025-07-27 18:31:40] [DEBUG] [Simpleneo4jKB.py:123] Chunk 27: 7 entities - ['individual', 'very good', 'member', 'responsibility', 'form']
[2025-07-27 18:31:40] [DEBUG] [Simpleneo4jKB.py:70] Extracted entities from '11. Acquired project management and finance skills...': ['project', 'programming', 'skills', 'management', 'problems', 'artificial intelligence & machine learning', 'world', 'allocation', 'very good', 'development', 'projects', 'learning', 'problem', 'resource', 'principles', 'budgeting', 'artificial', 'adept', 'machine', 'software', 'intelligence', 'finance', 'life']
[2025-07-27 18:31:40] [DEBUG] [Simpleneo4jKB.py:123] Chunk 28: 23 entities - ['project', 'programming', 'skills', 'management', 'problems']
[2025-07-27 18:31:40] [DEBUG] [Simpleneo4jKB.py:70] Extracted entities from '& Machine Learning principles.: Very  Good | 15. P...': ['machine', 'technologies', 'computer', 'very good', 'system', 'resources', 'learning', 'principles', 'computing']
[2025-07-27 18:31:40] [DEBUG] [Simpleneo4jKB.py:123] Chunk 29: 9 entities - ['machine', 'technologies', 'computer', 'very good', 'system']
[2025-07-27 18:31:40] [DEBUG] [Simpleneo4jKB.py:70] Extracted entities from 'Timestamp: 10/26/2024 11:25:58 | Email Address: sa...': ['email address', 'email', 'samiksha', 'knowledge', 'science', 'health', 'student', 'problems', 'very good', 'timestamp', 'mehta', 'usn', 'address', 'branch', 'factors', 'engineering', 'systems', 'safety', 'aiml', 'computer', 'solutions', 'mathematics', 'samiksha mehta']
[2025-07-27 18:31:41] [DEBUG] [Simpleneo4jKB.py:123] Chunk 30: 23 entities - ['email address', 'email', 'samiksha', 'knowledge', 'science']
[2025-07-27 18:31:41] [DEBUG] [Simpleneo4jKB.py:70] Extracted entities from 'and environmental factors.: Good | 4. Capable of c...': ['machine', 'problems', 'practice', 'issues', 'society', 'solutions', 'very good', 'development', 'software', 'learning', 'equipment', 'factors', 'intelligence', 'investigations', 'impact', 'need', 'engineering']
[2025-07-27 18:31:41] [DEBUG] [Simpleneo4jKB.py:123] Chunk 31: 17 entities - ['machine', 'problems', 'practice', 'issues', 'society']
[2025-07-27 18:31:41] [DEBUG] [Simpleneo4jKB.py:70] Extracted entities from 'Good | 8. Understand professional and ethical resp...': ['individual', 'very good', 'member', 'responsibility', 'form', 'leader', 'teams', 'excellent']
[2025-07-27 18:31:41] [DEBUG] [Simpleneo4jKB.py:123] Chunk 32: 8 entities - ['individual', 'very good', 'member', 'responsibility', 'form']
[2025-07-27 18:31:41] [DEBUG] [Simpleneo4jKB.py:70] Extracted entities from '11. Acquired project management and finance skills...': ['project', 'programming', 'skills', 'management', 'problems', 'artificial intelligence & machine learning', 'world', 'allocation', 'development', 'projects', 'learning', 'problem', 'resource', 'principles', 'budgeting', 'excellent', 'artificial', 'adept', 'machine', 'software', 'intelligence', 'finance', 'life']
[2025-07-27 18:31:41] [DEBUG] [Simpleneo4jKB.py:123] Chunk 33: 23 entities - ['project', 'programming', 'skills', 'management', 'problems']
[2025-07-27 18:31:41] [DEBUG] [Simpleneo4jKB.py:70] Extracted entities from '& Machine Learning principles.: Excellent | 15. Pr...': ['machine', 'technologies', 'computer', 'system', 'resources', 'learning', 'principles', 'computing', 'excellent']
[2025-07-27 18:31:41] [DEBUG] [Simpleneo4jKB.py:123] Chunk 34: 9 entities - ['machine', 'technologies', 'computer', 'system', 'resources']
[2025-07-27 18:31:41] [DEBUG] [Simpleneo4jKB.py:70] Extracted entities from 'Timestamp: 10/26/2024 11:27:16 | Email Address: 20...': ['email address', 'email', 'rathi', 'knowledge', 'science', 'health', 'student', 'yash', 'problems', 'timestamp', 'yash rathi', 'investigations', 'usn', 'address', 'branch', 'factors', 'systems', 'engineering', 'safety', 'aiml', 'computer', 'solutions', 'mathematics']
[2025-07-27 18:31:41] [DEBUG] [Simpleneo4jKB.py:123] Chunk 35: 23 entities - ['email address', 'email', 'rathi', 'knowledge', 'science']
[2025-07-27 18:31:41] [DEBUG] [Simpleneo4jKB.py:70] Extracted entities from 'Good | 4. Capable of conducting investigations int...': ['machine', 'problems', 'practice', 'issues', 'society', 'solutions', 'very good', 'development', 'software', 'learning', 'responsibility', 'equipment', 'need', 'intelligence', 'investigations', 'impact', 'engineering']
[2025-07-27 18:31:41] [DEBUG] [Simpleneo4jKB.py:123] Chunk 36: 17 entities - ['machine', 'problems', 'practice', 'issues', 'society']
[2025-07-27 18:31:41] [DEBUG] [Simpleneo4jKB.py:70] Extracted entities from 'professional and ethical responsibility.: Satisfac...': ['individual', 'very good', 'member', 'professional and ethical', 'responsibility', 'form', 'leader', 'teams']
[2025-07-27 18:31:42] [DEBUG] [Simpleneo4jKB.py:123] Chunk 37: 8 entities - ['individual', 'very good', 'member', 'professional and ethical', 'responsibility']
[2025-07-27 18:31:42] [DEBUG] [Simpleneo4jKB.py:70] Extracted entities from '11. Acquired project management and finance skills...': ['project', 'programming', 'skills', 'management', 'problems', 'artificial intelligence & machine learning', 'world', 'satisfactory', 'allocation', 'very good', 'development', 'projects', 'learning', 'problem', 'resource', 'principles', 'budgeting', 'artificial', 'adept', 'machine', 'software', 'intelligence', 'finance', 'life']
[2025-07-27 18:31:42] [DEBUG] [Simpleneo4jKB.py:123] Chunk 38: 24 entities - ['project', 'programming', 'skills', 'management', 'problems']
[2025-07-27 18:31:42] [DEBUG] [Simpleneo4jKB.py:70] Extracted entities from '& Machine Learning principles.: Very  Good | 15. P...': ['machine', 'technologies', 'computer', 'system', 'resources', 'learning', 'principles', 'computing']
[2025-07-27 18:31:42] [DEBUG] [Simpleneo4jKB.py:123] Chunk 39: 8 entities - ['machine', 'technologies', 'computer', 'system', 'resources']
[2025-07-27 18:31:42] [DEBUG] [Simpleneo4jKB.py:70] Extracted entities from 'Timestamp: 10/26/2024 11:27:35 | Email Address: po...': ['email address', 'email', 'knowledge', 'science', 'health', 'student', 'singari', 'problems', 'very good', 'timestamp', 'usn', 'pooja singari', 'address', 'branch', 'factors', 'engineering', 'systems', 'safety', 'aiml', 'computer', 'solutions', 'pooja', 'mathematics']
[2025-07-27 18:31:42] [DEBUG] [Simpleneo4jKB.py:123] Chunk 40: 23 entities - ['email address', 'email', 'knowledge', 'science', 'health']
[2025-07-27 18:31:42] [DEBUG] [Simpleneo4jKB.py:70] Extracted entities from 'factors.: Very Good | 4. Capable of conducting inv...': ['machine', 'problems', 'practice', 'issues', 'society', 'solutions', 'very good', 'development', 'software', 'learning', 'equipment', 'factors', 'intelligence', 'investigations', 'impact', 'need', 'engineering']
[2025-07-27 18:31:42] [DEBUG] [Simpleneo4jKB.py:123] Chunk 41: 17 entities - ['machine', 'problems', 'practice', 'issues', 'society']
[2025-07-27 18:31:42] [DEBUG] [Simpleneo4jKB.py:70] Extracted entities from 'Good | 8. Understand professional and ethical resp...': ['individual', 'very good', 'member', 'responsibility', 'form', 'leader', 'teams']
[2025-07-27 18:31:42] [DEBUG] [Simpleneo4jKB.py:123] Chunk 42: 7 entities - ['individual', 'very good', 'member', 'responsibility', 'form']
[2025-07-27 18:31:42] [DEBUG] [Simpleneo4jKB.py:70] Extracted entities from '11. Acquired project management and finance skills...': ['project', 'programming', 'skills', 'management', 'problems', 'artificial intelligence & machine learning', 'world', 'allocation', 'very good', 'development', 'projects', 'learning', 'problem', 'resource', 'principles', 'budgeting', 'artificial', 'adept', 'machine', 'software', 'intelligence', 'finance', 'life']
[2025-07-27 18:31:41] [DEBUG] [Simpleneo4jKB.py:123] Chunk 43: 23 entities - ['project', 'programming', 'skills', 'management', 'problems']
[2025-07-27 18:31:41] [DEBUG] [Simpleneo4jKB.py:70] Extracted entities from '& Machine Learning principles.: Very  Good | 15. P...': ['machine', 'technologies', 'computer', 'very good', 'system', 'resources', 'learning', 'principles', 'computing']
[2025-07-27 18:31:41] [DEBUG] [Simpleneo4jKB.py:123] Chunk 44: 9 entities - ['machine', 'technologies', 'computer', 'very good', 'system']
[2025-07-27 18:31:41] [DEBUG] [Simpleneo4jKB.py:70] Extracted entities from 'Timestamp: 10/26/2024 11:28:25 | Email Address: ku...': ['omprakash', 'email address', 'email', 'knowledge', 'science', 'health', 'student', 'problems', 'very good', 'timestamp', 'usn', 'address', 'branch', 'factors', 'engineering', 'excellent', 'systems', 'safety', 'aiml', 'kumar', 'computer', 'solutions', 'mathematics']
[2025-07-27 18:31:42] [DEBUG] [Simpleneo4jKB.py:123] Chunk 45: 23 entities - ['omprakash', 'email address', 'email', 'knowledge', 'science']
[2025-07-27 18:31:42] [DEBUG] [Simpleneo4jKB.py:70] Extracted entities from 'environmental factors.: Very Good | 4. Capable of ...': ['machine', 'problems', 'practice', 'issues', 'society', 'solutions', 'very good', 'development', 'software', 'learning', 'equipment', 'factors', 'intelligence', 'investigations', 'impact', 'need', 'engineering']
[2025-07-27 18:31:42] [DEBUG] [Simpleneo4jKB.py:123] Chunk 46: 17 entities - ['machine', 'problems', 'practice', 'issues', 'society']
[2025-07-27 18:31:42] [DEBUG] [Simpleneo4jKB.py:70] Extracted entities from 'Very Good | 8. Understand professional and ethical...': ['individual', 'very good', 'member', 'responsibility', 'form', 'leader', 'teams']
[2025-07-27 18:31:42] [DEBUG] [Simpleneo4jKB.py:123] Chunk 47: 7 entities - ['individual', 'very good', 'member', 'responsibility', 'form']
[2025-07-27 18:31:42] [DEBUG] [Simpleneo4jKB.py:70] Extracted entities from '11. Acquired project management and finance skills...': ['project', 'programming', 'skills', 'management', 'problems', 'artificial intelligence & machine learning', 'world', 'allocation', 'very good', 'development', 'projects', 'learning', 'problem', 'resource', 'principles', 'budgeting', 'artificial', 'adept', 'machine', 'software', 'intelligence', 'finance', 'life']
[2025-07-27 18:31:42] [DEBUG] [Simpleneo4jKB.py:123] Chunk 48: 23 entities - ['project', 'programming', 'skills', 'management', 'problems']
[2025-07-27 18:31:42] [DEBUG] [Simpleneo4jKB.py:70] Extracted entities from '& Machine Learning principles.: Very  Good | 15. P...': ['machine', 'technologies', 'computer', 'system', 'resources', 'learning', 'principles', 'computing']
[2025-07-27 18:31:42] [DEBUG] [Simpleneo4jKB.py:123] Chunk 49: 8 entities - ['machine', 'technologies', 'computer', 'system', 'resources']
[2025-07-27 18:31:42] [DEBUG] [Simpleneo4jKB.py:70] Extracted entities from 'Timestamp: 10/26/2024 11:28:51 | Email Address: an...': ['email address', 'email', 'knowledge', 'science', 'health', 'student', 'problems', 'very good', 'timestamp', 'anusha', 'usn', 'address', 'anusha bhambore  | 1', 'branch', 'factors', 'engineering', 'excellent', 'systems', 'safety', 'aiml', 'computer', 'solutions', 'mathematics', 'bhambore']
[2025-07-27 18:31:43] [DEBUG] [Simpleneo4jKB.py:123] Chunk 50: 24 entities - ['email address', 'email', 'knowledge', 'science', 'health']
[2025-07-27 18:31:43] [DEBUG] [Simpleneo4jKB.py:70] Extracted entities from 'environmental factors.: Excellent | 4. Capable of ...': ['machine', 'problems', 'practice', 'issues', 'society', 'solutions', 'development', 'software', 'learning', 'equipment', 'factors', 'intelligence', 'investigations', 'impact', 'need', 'engineering', 'excellent']
[2025-07-27 18:31:43] [DEBUG] [Simpleneo4jKB.py:123] Chunk 51: 17 entities - ['machine', 'problems', 'practice', 'issues', 'society']
[2025-07-27 18:31:43] [DEBUG] [Simpleneo4jKB.py:70] Extracted entities from 'Excellent | 8. Understand professional and ethical...': ['individual', 'member', 'responsibility', 'form', 'leader', 'teams', 'excellent']
[2025-07-27 18:31:43] [DEBUG] [Simpleneo4jKB.py:123] Chunk 52: 7 entities - ['individual', 'member', 'responsibility', 'form', 'leader']
[2025-07-27 18:31:43] [DEBUG] [Simpleneo4jKB.py:70] Extracted entities from '11. Acquired project management and finance skills...': ['project', 'programming', 'skills', 'management', 'problems', 'artificial intelligence & machine learning', 'world', 'allocation', 'development', 'projects', 'learning', 'problem', 'resource', 'principles', 'budgeting', 'excellent', 'artificial', 'adept', 'machine', 'software', 'intelligence', 'finance', 'life']
[2025-07-27 18:31:43] [DEBUG] [Simpleneo4jKB.py:123] Chunk 53: 23 entities - ['project', 'programming', 'skills', 'management', 'problems']
[2025-07-27 18:31:43] [DEBUG] [Simpleneo4jKB.py:70] Extracted entities from '& Machine Learning principles.: Very  Good | 15. P...': ['machine', 'technologies', 'computer', 'very good', 'system', 'resources', 'learning', 'principles', 'computing']
[2025-07-27 18:31:43] [DEBUG] [Simpleneo4jKB.py:123] Chunk 54: 9 entities - ['machine', 'technologies', 'computer', 'very good', 'system']
[2025-07-27 18:31:43] [DEBUG] [Simpleneo4jKB.py:70] Extracted entities from 'Timestamp: 10/26/2024 11:30:34 | Email Address: 20...': ['halijol', 'email address', 'email', 'knowledge', 'science', 'health', 'student', 'problems', 'very good', 'timestamp', 'usn', 'address', 'branch', 'factors', 'systems', 'engineering', 'safety', 'aiml', 'computer', 'rakshit', 'solutions', 'mathematics']
[2025-07-27 18:31:44] [DEBUG] [Simpleneo4jKB.py:123] Chunk 55: 22 entities - ['halijol', 'email address', 'email', 'knowledge', 'science']
[2025-07-27 18:31:44] [DEBUG] [Simpleneo4jKB.py:70] Extracted entities from 'environmental factors.: Very Good | 4. Capable of ...': ['machine', 'problems', 'practice', 'issues', 'society', 'solutions', 'very good', 'development', 'software', 'learning', 'equipment', 'factors', 'intelligence', 'investigations', 'impact', 'need', 'engineering']
[2025-07-27 18:31:44] [DEBUG] [Simpleneo4jKB.py:123] Chunk 56: 17 entities - ['machine', 'problems', 'practice', 'issues', 'society']
[2025-07-27 18:31:44] [DEBUG] [Simpleneo4jKB.py:70] Extracted entities from 'Very Good | 8. Understand professional and ethical...': ['individual', 'very good', 'member', 'responsibility', 'form', 'leader', 'teams']
[2025-07-27 18:31:44] [DEBUG] [Simpleneo4jKB.py:123] Chunk 57: 7 entities - ['individual', 'very good', 'member', 'responsibility', 'form']
[2025-07-27 18:31:44] [DEBUG] [Simpleneo4jKB.py:70] Extracted entities from '11. Acquired project management and finance skills...': ['project', 'programming', 'skills', 'management', 'problems', 'artificial intelligence & machine learning', 'world', 'allocation', 'very good', 'development', 'projects', 'learning', 'problem', 'resource', 'principles', 'budgeting', 'artificial', 'adept', 'machine', 'software', 'intelligence', 'finance', 'life']
[2025-07-27 18:31:44] [DEBUG] [Simpleneo4jKB.py:123] Chunk 58: 23 entities - ['project', 'programming', 'skills', 'management', 'problems']
[2025-07-27 18:31:44] [DEBUG] [Simpleneo4jKB.py:70] Extracted entities from '& Machine Learning principles.: Very  Good | 15. P...': ['machine', 'technologies', 'computer', 'very good', 'system', 'resources', 'learning', 'principles', 'computing']
[2025-07-27 18:31:45] [DEBUG] [Simpleneo4jKB.py:123] Chunk 59: 9 entities - ['machine', 'technologies', 'computer', 'very good', 'system']
[2025-07-27 18:31:45] [DEBUG] [Simpleneo4jKB.py:70] Extracted entities from 'Timestamp: 10/26/2024 11:31:45 | Email Address: 20...': ['email address', 'email', 'knowledge', 'science', 'health', 'student', 'problems', 'ashif', 'very good', 'timestamp', 'alam', 'usn', 'address', 'branch', 'factors', 'engineering', 'excellent', 'systems', 'safety', 'aiml', 'computer', 'solutions', 'mathematics']
[2025-07-27 18:31:45] [DEBUG] [Simpleneo4jKB.py:123] Chunk 60: 23 entities - ['email address', 'email', 'knowledge', 'science', 'health']
[2025-07-27 18:31:45] [DEBUG] [Simpleneo4jKB.py:70] Extracted entities from 'factors.: Very Good | 4. Capable of conducting inv...': ['machine', 'problems', 'practice', 'issues', 'society', 'solutions', 'very good', 'development', 'software', 'learning', 'equipment', 'factors', 'intelligence', 'investigations', 'impact', 'need', 'engineering', 'excellent']
[2025-07-27 18:31:45] [DEBUG] [Simpleneo4jKB.py:123] Chunk 61: 18 entities - ['machine', 'problems', 'practice', 'issues', 'society']
[2025-07-27 18:31:45] [DEBUG] [Simpleneo4jKB.py:70] Extracted entities from 'Good | 8. Understand professional and ethical resp...': ['individual', 'member', 'responsibility', 'form', 'leader', 'teams', 'excellent']
[2025-07-27 18:31:46] [DEBUG] [Simpleneo4jKB.py:123] Chunk 62: 7 entities - ['individual', 'member', 'responsibility', 'form', 'leader']
[2025-07-27 18:31:46] [DEBUG] [Simpleneo4jKB.py:70] Extracted entities from '11. Acquired project management and finance skills...': ['project', 'programming', 'skills', 'management', 'problems', 'artificial intelligence & machine learning', 'world', 'allocation', 'development', 'projects', 'learning', 'problem', 'resource', 'principles', 'budgeting', 'excellent', 'artificial', 'adept', 'machine', 'software', 'intelligence', 'finance', 'life']
[2025-07-27 18:31:46] [DEBUG] [Simpleneo4jKB.py:123] Chunk 63: 23 entities - ['project', 'programming', 'skills', 'management', 'problems']
[2025-07-27 18:31:46] [DEBUG] [Simpleneo4jKB.py:70] Extracted entities from '& Machine Learning principles.: Excellent | 15. Pr...': ['machine', 'technologies', 'computer', 'system', 'resources', 'learning', 'principles', 'computing', 'excellent']
[2025-07-27 18:31:47] [DEBUG] [Simpleneo4jKB.py:123] Chunk 64: 9 entities - ['machine', 'technologies', 'computer', 'system', 'resources']
[2025-07-27 18:31:47] [DEBUG] [Simpleneo4jKB.py:70] Extracted entities from 'Timestamp: 10/26/2024 11:31:55 | Email Address: 1d...': ['email address', 'email', 'knowledge', 'science', 'health', 'student', 'problems', 'gaur', 'very good', 'timestamp', 'usn', 'address', 'branch', 'factors', 'systems', 'engineering', 'safety', 'aiml', 'computer', 'solutions', 'peeyush', 'mathematics']
[2025-07-27 18:31:47] [DEBUG] [Simpleneo4jKB.py:123] Chunk 65: 22 entities - ['email address', 'email', 'knowledge', 'science', 'health']
[2025-07-27 18:31:47] [DEBUG] [Simpleneo4jKB.py:70] Extracted entities from 'factors.: Very Good | 4. Capable of conducting inv...': ['machine', 'problems', 'practice', 'issues', 'society', 'solutions', 'very good', 'development', 'software', 'learning', 'equipment', 'factors', 'intelligence', 'investigations', 'impact', 'need', 'engineering']
[2025-07-27 18:31:47] [DEBUG] [Simpleneo4jKB.py:123] Chunk 66: 17 entities - ['machine', 'problems', 'practice', 'issues', 'society']
[2025-07-27 18:31:47] [DEBUG] [Simpleneo4jKB.py:70] Extracted entities from 'Good | 8. Understand professional and ethical resp...': ['individual', 'very good', 'member', 'responsibility', 'form', 'leader', 'teams']
[2025-07-27 18:31:47] [DEBUG] [Simpleneo4jKB.py:123] Chunk 67: 7 entities - ['individual', 'very good', 'member', 'responsibility', 'form']
[2025-07-27 18:31:47] [DEBUG] [Simpleneo4jKB.py:70] Extracted entities from '11. Acquired project management and finance skills...': ['project', 'programming', 'skills', 'management', 'problems', 'artificial intelligence & machine learning', 'world', 'allocation', 'very good', 'development', 'projects', 'learning', 'problem', 'resource', 'principles', 'budgeting', 'artificial', 'adept', 'machine', 'software', 'intelligence', 'finance', 'life']
[2025-07-27 18:31:48] [DEBUG] [Simpleneo4jKB.py:123] Chunk 68: 23 entities - ['project', 'programming', 'skills', 'management', 'problems']
[2025-07-27 18:31:48] [DEBUG] [Simpleneo4jKB.py:70] Extracted entities from '& Machine Learning principles.: Very  Good | 15. P...': ['machine', 'technologies', 'computer', 'very good', 'system', 'resources', 'learning', 'principles', 'computing']
[2025-07-27 18:31:48] [DEBUG] [Simpleneo4jKB.py:123] Chunk 69: 9 entities - ['machine', 'technologies', 'computer', 'very good', 'system']
[2025-07-27 18:31:48] [DEBUG] [Simpleneo4jKB.py:70] Extracted entities from 'Timestamp: 10/26/2024 11:32:03 | Email Address: pu...': ['email', 'knowledge', 'science', 'health', 'student', 'problems', 'timestamp', 'usn', 'address', 'puneeth', 'branch', 'factors', 'systems', 'engineering', 'excellent', 'safety', 'aiml', 'computer', 'solutions', 'mathematics']
[2025-07-27 18:31:48] [DEBUG] [Simpleneo4jKB.py:123] Chunk 70: 20 entities - ['email', 'knowledge', 'science', 'health', 'student']
[2025-07-27 18:31:48] [DEBUG] [Simpleneo4jKB.py:70] Extracted entities from 'factors.: Excellent | 4. Capable of conducting inv...': ['machine', 'problems', 'practice', 'issues', 'society', 'solutions', 'development', 'software', 'learning', 'equipment', 'factors', 'intelligence', 'investigations', 'impact', 'need', 'engineering', 'excellent']
[2025-07-27 18:31:48] [DEBUG] [Simpleneo4jKB.py:123] Chunk 71: 17 entities - ['machine', 'problems', 'practice', 'issues', 'society']
[2025-07-27 18:31:48] [DEBUG] [Simpleneo4jKB.py:70] Extracted entities from '| 8. Understand professional and ethical responsib...': ['individual', 'member', 'responsibility', 'form', 'leader', 'teams', 'excellent']
[2025-07-27 18:31:49] [DEBUG] [Simpleneo4jKB.py:123] Chunk 72: 7 entities - ['individual', 'member', 'responsibility', 'form', 'leader']
[2025-07-27 18:31:49] [DEBUG] [Simpleneo4jKB.py:70] Extracted entities from '11. Acquired project management and finance skills...': ['project', 'programming', 'skills', 'management', 'problems', 'artificial intelligence & machine learning', 'world', 'allocation', 'development', 'projects', 'learning', 'problem', 'resource', 'principles', 'budgeting', 'excellent', 'artificial', 'adept', 'machine', 'software', 'intelligence', 'finance', 'life']
[2025-07-27 18:31:49] [DEBUG] [Simpleneo4jKB.py:123] Chunk 73: 23 entities - ['project', 'programming', 'skills', 'management', 'problems']
[2025-07-27 18:31:49] [DEBUG] [Simpleneo4jKB.py:70] Extracted entities from '& Machine Learning principles.: Excellent | 15. Pr...': ['machine', 'technologies', 'computer', 'system', 'resources', 'learning', 'principles', 'computing', 'excellent']
[2025-07-27 18:31:49] [DEBUG] [Simpleneo4jKB.py:123] Chunk 74: 9 entities - ['machine', 'technologies', 'computer', 'system', 'resources']
[2025-07-27 18:31:49] [DEBUG] [Simpleneo4jKB.py:70] Extracted entities from 'Timestamp: 10/26/2024 11:32:06 | Email Address: 20...': ['email address', 'email', 'knowledge', 'science', 'health', 'student', 'problems', 'timestamp', 'usn', 'address', 'shreyas', 'branch', 'factors', 'systems', 'engineering', 'excellent', 'safety', 'aiml', 'computer', 'solutions', 'mathematics']
[2025-07-27 18:31:49] [DEBUG] [Simpleneo4jKB.py:123] Chunk 75: 21 entities - ['email address', 'email', 'knowledge', 'science', 'health']
[2025-07-27 18:31:49] [DEBUG] [Simpleneo4jKB.py:70] Extracted entities from 'factors.: Excellent | 4. Capable of conducting inv...': ['machine', 'problems', 'practice', 'issues', 'society', 'solutions', 'development', 'software', 'learning', 'equipment', 'factors', 'intelligence', 'investigations', 'impact', 'need', 'engineering', 'excellent']
[2025-07-27 18:31:50] [DEBUG] [Simpleneo4jKB.py:123] Chunk 76: 17 entities - ['machine', 'problems', 'practice', 'issues', 'society']
[2025-07-27 18:31:50] [DEBUG] [Simpleneo4jKB.py:70] Extracted entities from '| 8. Understand professional and ethical responsib...': ['individual', 'member', 'responsibility', 'form', 'leader', 'teams', 'excellent']
[2025-07-27 18:31:50] [DEBUG] [Simpleneo4jKB.py:123] Chunk 77: 7 entities - ['individual', 'member', 'responsibility', 'form', 'leader']
[2025-07-27 18:31:50] [DEBUG] [Simpleneo4jKB.py:70] Extracted entities from '11. Acquired project management and finance skills...': ['project', 'programming', 'skills', 'management', 'problems', 'artificial intelligence & machine learning', 'world', 'allocation', 'development', 'projects', 'learning', 'problem', 'resource', 'principles', 'budgeting', 'excellent', 'artificial', 'adept', 'machine', 'software', 'intelligence', 'finance', 'life']
[2025-07-27 18:31:50] [DEBUG] [Simpleneo4jKB.py:123] Chunk 78: 23 entities - ['project', 'programming', 'skills', 'management', 'problems']
[2025-07-27 18:31:50] [DEBUG] [Simpleneo4jKB.py:70] Extracted entities from '& Machine Learning principles.: Excellent | 15. Pr...': ['machine', 'technologies', 'computer', 'system', 'resources', 'learning', 'principles', 'computing', 'excellent']
[2025-07-27 18:31:51] [DEBUG] [Simpleneo4jKB.py:123] Chunk 79: 9 entities - ['machine', 'technologies', 'computer', 'system', 'resources']
[2025-07-27 18:31:51] [DEBUG] [Simpleneo4jKB.py:70] Extracted entities from 'Timestamp: 10/26/2024 11:32:13 | Email Address: ma...': ['manikanta', 'email address', 'student name', 'email', 'knowledge', 'science', 'health', 'student', 'problems', 'very good', 'timestamp', 'usn', 'address', 'branch', 'factors', 'engineering', 'systems', 'safety', 'aiml', 'bukapindi', 'computer', 'solutions', 'mathematics']
[2025-07-27 18:31:51] [DEBUG] [Simpleneo4jKB.py:123] Chunk 80: 23 entities - ['manikanta', 'email address', 'student name', 'email', 'knowledge']
[2025-07-27 18:31:51] [DEBUG] [Simpleneo4jKB.py:70] Extracted entities from 'environmental factors.: Very Good | 4. Capable of ...': ['machine', 'problems', 'practice', 'issues', 'society', 'solutions', 'very good', 'development', 'software', 'learning', 'equipment', 'factors', 'intelligence', 'investigations', 'impact', 'need', 'engineering']
[2025-07-27 18:31:51] [DEBUG] [Simpleneo4jKB.py:123] Chunk 81: 17 entities - ['machine', 'problems', 'practice', 'issues', 'society']
[2025-07-27 18:31:51] [DEBUG] [Simpleneo4jKB.py:70] Extracted entities from 'Good | 8. Understand professional and ethical resp...': ['individual', 'very good', 'member', 'responsibility', 'form', 'leader', 'teams']
[2025-07-27 18:31:51] [DEBUG] [Simpleneo4jKB.py:123] Chunk 82: 7 entities - ['individual', 'very good', 'member', 'responsibility', 'form']
[2025-07-27 18:31:51] [DEBUG] [Simpleneo4jKB.py:70] Extracted entities from '11. Acquired project management and finance skills...': ['project', 'programming', 'skills', 'management', 'problems', 'artificial intelligence & machine learning', 'world', 'allocation', 'very good', 'development', 'projects', 'learning', 'problem', 'resource', 'principles', 'budgeting', 'artificial', 'adept', 'machine', 'software', 'intelligence', 'finance', 'life']
[2025-07-27 18:31:52] [DEBUG] [Simpleneo4jKB.py:123] Chunk 83: 23 entities - ['project', 'programming', 'skills', 'management', 'problems']
[2025-07-27 18:31:52] [DEBUG] [Simpleneo4jKB.py:70] Extracted entities from 'Learning principles.: Good | 15. Proficient in eff...': ['technologies', 'computer', 'resources', 'system', 'principles', 'computing']
[2025-07-27 18:31:52] [DEBUG] [Simpleneo4jKB.py:123] Chunk 84: 6 entities - ['technologies', 'computer', 'resources', 'system', 'principles']
[2025-07-27 18:31:52] [DEBUG] [Simpleneo4jKB.py:70] Extracted entities from 'Timestamp: 10/26/2024 11:33:58 | Email Address: 20...': ['email address', 'guru akhil', 'email', 'knowledge', 'science', 'health', 'student', 'problems', 'very good', 'timestamp', 'usn', 'address', 'branch', 'factors', 'engineering', 'systems', 'safety', 'aiml', 'computer', 'solutions', 'mathematics', 'guru', 'akhil']
[2025-07-27 18:31:52] [DEBUG] [Simpleneo4jKB.py:123] Chunk 85: 23 entities - ['email address', 'guru akhil', 'email', 'knowledge', 'science']
[2025-07-27 18:31:52] [DEBUG] [Simpleneo4jKB.py:70] Extracted entities from 'factors.: Good | 4. Capable of conducting investig...': ['issues', 'society', 'equipment', 'need', 'problems', 'practice', 'very good', 'development', 'learning', 'investigations', 'impact', 'responsibility', 'factors', 'engineering', 'excellent', 'machine', 'solutions', 'software', 'intelligence']
[2025-07-27 18:31:52] [DEBUG] [Simpleneo4jKB.py:123] Chunk 86: 19 entities - ['issues', 'society', 'equipment', 'need', 'problems']
[2025-07-27 18:31:52] [DEBUG] [Simpleneo4jKB.py:70] Extracted entities from 'professional and ethical responsibility.: Excellen...': ['individual', 'very good', 'professional and ethical', 'member', 'responsibility', 'form', 'leader', 'teams', 'excellent']
[2025-07-27 18:31:52] [DEBUG] [Simpleneo4jKB.py:123] Chunk 87: 9 entities - ['individual', 'very good', 'professional and ethical', 'member', 'responsibility']
[2025-07-27 18:31:52] [DEBUG] [Simpleneo4jKB.py:70] Extracted entities from '11. Acquired project management and finance skills...': ['project', 'programming', 'skills', 'management', 'problems', 'artificial intelligence & machine learning', 'world', 'allocation', 'very good', 'development', 'projects', 'learning', 'problem', 'resource', 'principles', 'budgeting', 'artificial', 'adept', 'machine', 'software', 'intelligence', 'finance', 'life']
[2025-07-27 18:31:53] [DEBUG] [Simpleneo4jKB.py:123] Chunk 88: 23 entities - ['project', 'programming', 'skills', 'management', 'problems']
[2025-07-27 18:31:53] [DEBUG] [Simpleneo4jKB.py:70] Extracted entities from 'Learning principles.: Good | 15. Proficient in eff...': ['technologies', 'computer', 'very good', 'resources', 'system', 'principles', 'computing']
[2025-07-27 18:31:53] [DEBUG] [Simpleneo4jKB.py:123] Chunk 89: 7 entities - ['technologies', 'computer', 'very good', 'resources', 'system']
[2025-07-27 18:31:53] [DEBUG] [Simpleneo4jKB.py:70] Extracted entities from 'Timestamp: 10/26/2024 11:34:38 | Email Address: rr...': ['email address', 'ramesh', 'email', 'knowledge', 'yaragatti', 'science', 'student', 'health', 'problems', 'rahul', 'very good', 'timestamp', 'usn', 'address', 'branch', 'factors', 'engineering', 'systems', 'safety', 'aiml', 'computer', 'solutions', 'mathematics']
[2025-07-27 18:31:53] [DEBUG] [Simpleneo4jKB.py:123] Chunk 90: 23 entities - ['email address', 'ramesh', 'email', 'knowledge', 'yaragatti']
[2025-07-27 18:31:53] [DEBUG] [Simpleneo4jKB.py:70] Extracted entities from 'environmental factors.: Very Good | 4. Capable of ...': ['machine', 'problems', 'practice', 'issues', 'society', 'solutions', 'very good', 'development', 'software', 'learning', 'equipment', 'factors', 'intelligence', 'investigations', 'impact', 'need', 'engineering']
[2025-07-27 18:31:53] [DEBUG] [Simpleneo4jKB.py:123] Chunk 91: 17 entities - ['machine', 'problems', 'practice', 'issues', 'society']
[2025-07-27 18:31:53] [DEBUG] [Simpleneo4jKB.py:70] Extracted entities from 'Good | 8. Understand professional and ethical resp...': ['individual', 'very good', 'member', 'responsibility', 'form', 'leader', 'teams']
[2025-07-27 18:31:53] [DEBUG] [Simpleneo4jKB.py:123] Chunk 92: 7 entities - ['individual', 'very good', 'member', 'responsibility', 'form']
[2025-07-27 18:31:53] [DEBUG] [Simpleneo4jKB.py:70] Extracted entities from '11. Acquired project management and finance skills...': ['project', 'programming', 'skills', 'management', 'problems', 'artificial intelligence & machine learning', 'world', 'allocation', 'very good', 'development', 'projects', 'learning', 'problem', 'resource', 'principles', 'budgeting', 'artificial', 'adept', 'machine', 'software', 'intelligence', 'finance', 'life']
[2025-07-27 18:31:54] [DEBUG] [Simpleneo4jKB.py:123] Chunk 93: 23 entities - ['project', 'programming', 'skills', 'management', 'problems']
[2025-07-27 18:31:54] [DEBUG] [Simpleneo4jKB.py:70] Extracted entities from 'Learning principles.: Good | 15. Proficient in eff...': ['technologies', 'computer', 'very good', 'resources', 'system', 'principles', 'computing']
[2025-07-27 18:31:54] [DEBUG] [Simpleneo4jKB.py:123] Chunk 94: 7 entities - ['technologies', 'computer', 'very good', 'resources', 'system']
[2025-07-27 18:31:54] [DEBUG] [Simpleneo4jKB.py:70] Extracted entities from 'Timestamp: 10/26/2024 11:35:26 | Email Address: ch...': ['naganoshith', 'email address', 'email', 'knowledge', 'science', 'health', 'student', 'problems', 'timestamp', 'usn', 'address', 'branch', 'factors', 'systems', 'engineering', 'excellent', 'safety', 'aiml', 'computer', 'solutions', 'mathematics']
[2025-07-27 18:31:54] [DEBUG] [Simpleneo4jKB.py:123] Chunk 95: 21 entities - ['naganoshith', 'email address', 'email', 'knowledge', 'science']
[2025-07-27 18:31:54] [DEBUG] [Simpleneo4jKB.py:70] Extracted entities from 'factors.: Excellent | 4. Capable of conducting inv...': ['machine', 'problems', 'practice', 'issues', 'society', 'solutions', 'development', 'software', 'learning', 'equipment', 'factors', 'intelligence', 'investigations', 'impact', 'need', 'engineering', 'excellent']
[2025-07-27 18:31:54] [DEBUG] [Simpleneo4jKB.py:123] Chunk 96: 17 entities - ['machine', 'problems', 'practice', 'issues', 'society']
[2025-07-27 18:31:54] [DEBUG] [Simpleneo4jKB.py:70] Extracted entities from '| 8. Understand professional and ethical responsib...': ['individual', 'member', 'responsibility', 'form', 'leader', 'teams', 'excellent']
[2025-07-27 18:31:54] [DEBUG] [Simpleneo4jKB.py:123] Chunk 97: 7 entities - ['individual', 'member', 'responsibility', 'form', 'leader']
[2025-07-27 18:31:54] [DEBUG] [Simpleneo4jKB.py:70] Extracted entities from '11. Acquired project management and finance skills...': ['project', 'programming', 'skills', 'management', 'problems', 'artificial intelligence & machine learning', 'world', 'allocation', 'development', 'projects', 'learning', 'problem', 'resource', 'principles', 'budgeting', 'excellent', 'artificial', 'adept', 'machine', 'software', 'intelligence', 'finance', 'life']
[2025-07-27 18:31:54] [DEBUG] [Simpleneo4jKB.py:123] Chunk 98: 23 entities - ['project', 'programming', 'skills', 'management', 'problems']
[2025-07-27 18:31:54] [DEBUG] [Simpleneo4jKB.py:70] Extracted entities from '& Machine Learning principles.: Excellent | 15. Pr...': ['machine', 'technologies', 'computer', 'system', 'resources', 'learning', 'principles', 'computing', 'excellent']
[2025-07-27 18:31:55] [DEBUG] [Simpleneo4jKB.py:123] Chunk 99: 9 entities - ['machine', 'technologies', 'computer', 'system', 'resources']
[2025-07-27 18:31:55] [DEBUG] [Simpleneo4jKB.py:70] Extracted entities from 'Timestamp: 10/26/2024 11:36:35 | Email Address: gs...': ['email address', 'email', 'knowledge', 'science', 'health', 'student', 'somana gouda', 'problems', 'timestamp', 'somana', 'usn', 'address', 'branch', 'factors', 'engineering', 'excellent', 'systems', 'safety', 'aiml', 'gouda', 'computer', 'solutions', 'mathematics']
[2025-07-27 18:31:55] [DEBUG] [Simpleneo4jKB.py:123] Chunk 100: 23 entities - ['email address', 'email', 'knowledge', 'science', 'health']
[2025-07-27 18:31:55] [DEBUG] [Simpleneo4jKB.py:70] Extracted entities from 'factors.: Excellent | 4. Capable of conducting inv...': ['machine', 'problems', 'practice', 'issues', 'society', 'solutions', 'development', 'software', 'learning', 'equipment', 'factors', 'intelligence', 'investigations', 'impact', 'need', 'engineering', 'excellent']
[2025-07-27 18:31:55] [DEBUG] [Simpleneo4jKB.py:123] Chunk 101: 17 entities - ['machine', 'problems', 'practice', 'issues', 'society']
[2025-07-27 18:31:55] [DEBUG] [Simpleneo4jKB.py:70] Extracted entities from '| 8. Understand professional and ethical responsib...': ['individual', 'member', 'responsibility', 'form', 'leader', 'teams', 'excellent']
[2025-07-27 18:31:55] [DEBUG] [Simpleneo4jKB.py:123] Chunk 102: 7 entities - ['individual', 'member', 'responsibility', 'form', 'leader']
[2025-07-27 18:31:55] [DEBUG] [Simpleneo4jKB.py:70] Extracted entities from '11. Acquired project management and finance skills...': ['project', 'programming', 'skills', 'management', 'problems', 'artificial intelligence & machine learning', 'world', 'allocation', 'development', 'projects', 'learning', 'problem', 'resource', 'principles', 'budgeting', 'excellent', 'artificial', 'adept', 'machine', 'software', 'intelligence', 'finance', 'life']
[2025-07-27 18:31:56] [DEBUG] [Simpleneo4jKB.py:123] Chunk 103: 23 entities - ['project', 'programming', 'skills', 'management', 'problems']
[2025-07-27 18:31:56] [DEBUG] [Simpleneo4jKB.py:70] Extracted entities from '& Machine Learning principles.: Excellent | 15. Pr...': ['machine', 'technologies', 'computer', 'system', 'resources', 'learning', 'principles', 'computing', 'excellent']
[2025-07-27 18:31:56] [DEBUG] [Simpleneo4jKB.py:123] Chunk 104: 9 entities - ['machine', 'technologies', 'computer', 'system', 'resources']
[2025-07-27 18:31:56] [DEBUG] [Simpleneo4jKB.py:70] Extracted entities from 'Timestamp: 10/26/2024 11:36:41 | Email Address: ne...': ['email', 'knowledge', 'science', 'health', 'student', 'problems', 'kalantri', 'very good', 'timestamp', 'neeraj kalantri', 'usn', 'address', 'neeraj', 'branch', 'factors', 'systems', 'engineering', 'safety', 'aiml', 'computer', 'solutions', 'mathematics']
[2025-07-27 18:31:56] [DEBUG] [Simpleneo4jKB.py:123] Chunk 105: 22 entities - ['email', 'knowledge', 'science', 'health', 'student']
[2025-07-27 18:31:56] [DEBUG] [Simpleneo4jKB.py:70] Extracted entities from 'environmental factors.: Very Good | 4. Capable of ...': ['machine', 'problems', 'practice', 'issues', 'society', 'solutions', 'very good', 'development', 'software', 'learning', 'equipment', 'factors', 'intelligence', 'investigations', 'impact', 'need', 'engineering', 'excellent']
[2025-07-27 18:31:56] [DEBUG] [Simpleneo4jKB.py:123] Chunk 106: 18 entities - ['machine', 'problems', 'practice', 'issues', 'society']
[2025-07-27 18:31:56] [DEBUG] [Simpleneo4jKB.py:70] Extracted entities from 'Good | 8. Understand professional and ethical resp...': ['individual', 'very good', 'member', 'responsibility', 'form', 'leader', 'teams', 'excellent']
[2025-07-27 18:31:56] [DEBUG] [Simpleneo4jKB.py:123] Chunk 107: 8 entities - ['individual', 'very good', 'member', 'responsibility', 'form']
[2025-07-27 18:31:56] [DEBUG] [Simpleneo4jKB.py:70] Extracted entities from '11. Acquired project management and finance skills...': ['project', 'programming', 'skills', 'management', 'problems', 'artificial intelligence & machine learning', 'world', 'allocation', 'very good', 'development', 'projects', 'learning', 'problem', 'resource', 'principles', 'budgeting', 'excellent', 'artificial', 'adept', 'machine', 'software', 'intelligence', 'finance', 'life']
[2025-07-27 18:31:57] [DEBUG] [Simpleneo4jKB.py:123] Chunk 108: 24 entities - ['project', 'programming', 'skills', 'management', 'problems']
[2025-07-27 18:31:57] [DEBUG] [Simpleneo4jKB.py:70] Extracted entities from '& Machine Learning principles.: Very  Good | 15. P...': ['machine', 'technologies', 'computer', 'very good', 'system', 'resources', 'learning', 'principles', 'computing']
[2025-07-27 18:31:57] [DEBUG] [Simpleneo4jKB.py:123] Chunk 109: 9 entities - ['machine', 'technologies', 'computer', 'very good', 'system']
[2025-07-27 18:31:57] [DEBUG] [Simpleneo4jKB.py:70] Extracted entities from 'Timestamp: 10/26/2024 11:41:32 | Email Address: aa...': ['email address', 'email', 'knowledge', 'science', 'health', 'student', 'anukalp jain', 'problems', 'very good', 'timestamp', 'jain', 'usn', 'address', 'branch', 'factors', 'engineering', 'systems', 'safety', 'aiml', 'computer', 'anukalp', 'solutions', 'mathematics']
[2025-07-27 18:31:57] [DEBUG] [Simpleneo4jKB.py:123] Chunk 110: 23 entities - ['email address', 'email', 'knowledge', 'science', 'health']
[2025-07-27 18:31:57] [DEBUG] [Simpleneo4jKB.py:70] Extracted entities from 'factors.: Very Good | 4. Capable of conducting inv...': ['issues', 'society', 'equipment', 'need', 'problems', 'practice', 'very good', 'development', 'learning', 'investigations', 'impact', 'responsibility', 'factors', 'engineering', 'excellent', 'machine', 'solutions', 'software', 'intelligence']
[2025-07-27 18:31:57] [DEBUG] [Simpleneo4jKB.py:123] Chunk 111: 19 entities - ['issues', 'society', 'equipment', 'need', 'problems']
[2025-07-27 18:31:57] [DEBUG] [Simpleneo4jKB.py:70] Extracted entities from 'professional and ethical responsibility.: Very Goo...': ['individual', 'very good', 'member', 'professional and ethical', 'responsibility', 'form', 'leader', 'teams', 'excellent']
[2025-07-27 18:31:58] [DEBUG] [Simpleneo4jKB.py:123] Chunk 112: 9 entities - ['individual', 'very good', 'member', 'professional and ethical', 'responsibility']
[2025-07-27 18:31:58] [DEBUG] [Simpleneo4jKB.py:70] Extracted entities from '11. Acquired project management and finance skills...': ['project', 'programming', 'skills', 'management', 'problems', 'artificial intelligence & machine learning', 'world', 'allocation', 'very good', 'development', 'projects', 'learning', 'problem', 'resource', 'principles', 'budgeting', 'excellent', 'artificial', 'adept', 'machine', 'software', 'intelligence', 'finance', 'life']
[2025-07-27 18:31:58] [DEBUG] [Simpleneo4jKB.py:123] Chunk 113: 24 entities - ['project', 'programming', 'skills', 'management', 'problems']
[2025-07-27 18:31:58] [DEBUG] [Simpleneo4jKB.py:70] Extracted entities from '& Machine Learning principles.: Very  Good | 15. P...': ['machine', 'technologies', 'computer', 'very good', 'system', 'resources', 'learning', 'principles', 'computing']
[2025-07-27 18:31:58] [DEBUG] [Simpleneo4jKB.py:123] Chunk 114: 9 entities - ['machine', 'technologies', 'computer', 'very good', 'system']
[2025-07-27 18:31:58] [DEBUG] [Simpleneo4jKB.py:70] Extracted entities from 'Timestamp: 10/26/2024 11:44:35 | Email Address: 1d...': ['email address', 'student name', 'email', 'knowledge', 'science', 'health', 'student', 'problems', 'timestamp', 'yeshwanth', 'usn', 'address', 'branch', 'factors', 'systems', 'engineering', 'safety', 'aiml', 'computer', 'solutions', 'mathematics']
[2025-07-27 18:31:58] [DEBUG] [Simpleneo4jKB.py:123] Chunk 115: 21 entities - ['email address', 'student name', 'email', 'knowledge', 'science']
[2025-07-27 18:31:59] [DEBUG] [Simpleneo4jKB.py:70] Extracted entities from 'factors.: Good | 4. Capable of conducting investig...': ['machine', 'problems', 'practice', 'issues', 'society', 'solutions', 'development', 'software', 'learning', 'responsibility', 'equipment', 'factors', 'intelligence', 'investigations', 'impact', 'need', 'engineering']
[2025-07-27 18:31:59] [DEBUG] [Simpleneo4jKB.py:123] Chunk 116: 17 entities - ['machine', 'problems', 'practice', 'issues', 'society']
[2025-07-27 18:31:59] [DEBUG] [Simpleneo4jKB.py:70] Extracted entities from 'and ethical responsibility.: Good | 9. Able to fun...': ['individual', 'member', 'responsibility', 'form', 'leader', 'teams']
[2025-07-27 18:31:59] [DEBUG] [Simpleneo4jKB.py:123] Chunk 117: 6 entities - ['individual', 'member', 'responsibility', 'form', 'leader']
[2025-07-27 18:31:59] [DEBUG] [Simpleneo4jKB.py:70] Extracted entities from '11. Acquired project management and finance skills...': ['project', 'programming', 'skills', 'management', 'problems', 'artificial intelligence & machine learning', 'world', 'allocation', 'development', 'projects', 'learning', 'problem', 'resource', 'principles', 'budgeting', 'artificial', 'adept', 'machine', 'software', 'intelligence', 'finance', 'life']
[2025-07-27 18:31:59] [DEBUG] [Simpleneo4jKB.py:123] Chunk 118: 22 entities - ['project', 'programming', 'skills', 'management', 'problems']
[2025-07-27 18:31:59] [DEBUG] [Simpleneo4jKB.py:70] Extracted entities from 'principles.: Good | 15. Proficient in efficiently ...': ['technologies', 'computer', 'resources', 'system', 'principles', 'computing']
[2025-07-27 18:31:59] [DEBUG] [Simpleneo4jKB.py:123] Chunk 119: 6 entities - ['technologies', 'computer', 'resources', 'system', 'principles']
[2025-07-27 18:31:59] [DEBUG] [Simpleneo4jKB.py:70] Extracted entities from 'Timestamp: 10/26/2024 11:50:29 | Email Address: ab...': ['email address', 'student name', 'email', 'knowledge', 'science', 'health', 'student', 'problems', 'very good', 'timestamp', 'usn', 'address', 'abhishek', 'branch', 'factors', 'systems', 'engineering', 'safety', 'aiml', 'computer', 'solutions', 'mathematics']
[2025-07-27 18:31:59] [DEBUG] [Simpleneo4jKB.py:123] Chunk 120: 22 entities - ['email address', 'student name', 'email', 'knowledge', 'science']
[2025-07-27 18:32:00] [DEBUG] [Simpleneo4jKB.py:70] Extracted entities from 'environmental factors.: Very Good | 4. Capable of ...': ['machine', 'problems', 'practice', 'issues', 'society', 'solutions', 'very good', 'development', 'software', 'learning', 'equipment', 'factors', 'intelligence', 'investigations', 'impact', 'need', 'engineering']
[2025-07-27 18:32:00] [DEBUG] [Simpleneo4jKB.py:123] Chunk 121: 17 entities - ['machine', 'problems', 'practice', 'issues', 'society']
[2025-07-27 18:32:00] [DEBUG] [Simpleneo4jKB.py:70] Extracted entities from 'Very Good | 8. Understand professional and ethical...': ['individual', 'very good', 'member', 'responsibility', 'form', 'leader', 'teams']
[2025-07-27 18:32:00] [DEBUG] [Simpleneo4jKB.py:123] Chunk 122: 7 entities - ['individual', 'very good', 'member', 'responsibility', 'form']
[2025-07-27 18:32:00] [DEBUG] [Simpleneo4jKB.py:70] Extracted entities from '11. Acquired project management and finance skills...': ['project', 'programming', 'skills', 'management', 'problems', 'artificial intelligence & machine learning', 'world', 'allocation', 'very good', 'development', 'projects', 'learning', 'problem', 'resource', 'principles', 'budgeting', 'artificial', 'adept', 'machine', 'software', 'intelligence', 'finance', 'life']
[2025-07-27 18:32:00] [DEBUG] [Simpleneo4jKB.py:123] Chunk 123: 23 entities - ['project', 'programming', 'skills', 'management', 'problems']
[2025-07-27 18:32:00] [DEBUG] [Simpleneo4jKB.py:70] Extracted entities from '& Machine Learning principles.: Very  Good | 15. P...': ['machine', 'technologies', 'computer', 'very good', 'system', 'resources', 'learning', 'principles', 'computing']
[2025-07-27 18:32:01] [DEBUG] [Simpleneo4jKB.py:123] Chunk 124: 9 entities - ['machine', 'technologies', 'computer', 'very good', 'system']
[2025-07-27 18:32:01] [DEBUG] [Simpleneo4jKB.py:70] Extracted entities from 'Timestamp: 10/26/2024 12:11:18 | Email Address: ab...': ['email address', 'email', 'knowledge', 'science', 'health', 'student', 'problems', 'timestamp', 'usn', 'address', 'abdur', 'abdur rahman', 'branch', 'factors', 'engineering', 'excellent', 'systems', 'safety', 'aiml', 'computer', 'solutions', 'rahman', 'mathematics']
[2025-07-27 18:32:01] [DEBUG] [Simpleneo4jKB.py:123] Chunk 125: 23 entities - ['email address', 'email', 'knowledge', 'science', 'health']
[2025-07-27 18:32:01] [DEBUG] [Simpleneo4jKB.py:70] Extracted entities from 'environmental factors.: Excellent | 4. Capable of ...': ['machine', 'problems', 'practice', 'issues', 'society', 'solutions', 'development', 'software', 'learning', 'equipment', 'factors', 'intelligence', 'investigations', 'impact', 'need', 'engineering', 'excellent']
[2025-07-27 18:32:01] [DEBUG] [Simpleneo4jKB.py:123] Chunk 126: 17 entities - ['machine', 'problems', 'practice', 'issues', 'society']
[2025-07-27 18:32:01] [DEBUG] [Simpleneo4jKB.py:70] Extracted entities from 'Excellent | 8. Understand professional and ethical...': ['individual', 'member', 'responsibility', 'form', 'leader', 'teams', 'excellent']
[2025-07-27 18:32:01] [DEBUG] [Simpleneo4jKB.py:123] Chunk 127: 7 entities - ['individual', 'member', 'responsibility', 'form', 'leader']
[2025-07-27 18:32:01] [DEBUG] [Simpleneo4jKB.py:70] Extracted entities from '11. Acquired project management and finance skills...': ['project', 'programming', 'skills', 'management', 'problems', 'artificial intelligence & machine learning', 'world', 'allocation', 'development', 'projects', 'learning', 'problem', 'resource', 'principles', 'budgeting', 'excellent', 'artificial', 'adept', 'machine', 'software', 'intelligence', 'finance', 'life']
[2025-07-27 18:32:02] [DEBUG] [Simpleneo4jKB.py:123] Chunk 128: 23 entities - ['project', 'programming', 'skills', 'management', 'problems']
[2025-07-27 18:32:02] [DEBUG] [Simpleneo4jKB.py:70] Extracted entities from '& Machine Learning principles.: Excellent | 15. Pr...': ['machine', 'technologies', 'computer', 'system', 'resources', 'learning', 'principles', 'computing', 'excellent']
[2025-07-27 18:32:02] [DEBUG] [Simpleneo4jKB.py:123] Chunk 129: 9 entities - ['machine', 'technologies', 'computer', 'system', 'resources']
[2025-07-27 18:32:02] [DEBUG] [Simpleneo4jKB.py:70] Extracted entities from 'Timestamp: 10/26/2024 12:26:16 | Email Address: vk...': ['email address', 'email', 'knowledge', 'science', 'health', 'student', 'problems', 'timestamp', 'kshitij verma  | 1', 'kshitij', 'investigations', 'usn', 'address', 'branch', 'factors', 'systems', 'engineering', 'safety', 'verma', 'aiml', 'computer', 'solutions', 'mathematics']
[2025-07-27 18:32:02] [DEBUG] [Simpleneo4jKB.py:123] Chunk 130: 23 entities - ['email address', 'email', 'knowledge', 'science', 'health']
[2025-07-27 18:32:02] [DEBUG] [Simpleneo4jKB.py:70] Extracted entities from 'Good | 4. Capable of conducting investigations int...': ['machine', 'problems', 'practice', 'issues', 'society', 'solutions', 'very good', 'development', 'software', 'learning', 'responsibility', 'equipment', 'need', 'intelligence', 'investigations', 'impact', 'engineering']
[2025-07-27 18:32:02] [DEBUG] [Simpleneo4jKB.py:123] Chunk 131: 17 entities - ['machine', 'problems', 'practice', 'issues', 'society']
[2025-07-27 18:32:02] [DEBUG] [Simpleneo4jKB.py:70] Extracted entities from 'ethical responsibility.: Very Good | 9. Able to fu...': ['individual', 'very good', 'member', 'responsibility', 'form', 'leader', 'teams']
[2025-07-27 18:32:02] [DEBUG] [Simpleneo4jKB.py:123] Chunk 132: 7 entities - ['individual', 'very good', 'member', 'responsibility', 'form']
[2025-07-27 18:32:02] [DEBUG] [Simpleneo4jKB.py:70] Extracted entities from '11. Acquired project management and finance skills...': ['project', 'programming', 'skills', 'management', 'problems', 'artificial intelligence & machine learning', 'world', 'allocation', 'development', 'projects', 'learning', 'problem', 'resource', 'principles', 'budgeting', 'artificial', 'adept', 'machine', 'software', 'intelligence', 'finance', 'life']
[2025-07-27 18:32:03] [DEBUG] [Simpleneo4jKB.py:123] Chunk 133: 22 entities - ['project', 'programming', 'skills', 'management', 'problems']
[2025-07-27 18:32:03] [DEBUG] [Simpleneo4jKB.py:70] Extracted entities from 'principles.: Good | 15. Proficient in efficiently ...': ['technologies', 'computer', 'resources', 'system', 'principles', 'computing']
[2025-07-27 18:32:03] [DEBUG] [Simpleneo4jKB.py:123] Chunk 134: 6 entities - ['technologies', 'computer', 'resources', 'system', 'principles']
[2025-07-27 18:32:03] [DEBUG] [Simpleneo4jKB.py:70] Extracted entities from 'Timestamp: 10/26/2024 12:47:05 | Email Address: ma...': ['email address', 'email', 'knowledge', 'science', 'health', 'student', 'problems', 'very good', 'timestamp', 'karim', 'usn', 'address', 'branch', 'factors', 'engineering', 'excellent', 'systems', 'safety', 'aiml', 'computer', 'solutions', 'maaz', 'mathematics']
[2025-07-27 18:32:04] [DEBUG] [Simpleneo4jKB.py:123] Chunk 135: 23 entities - ['email address', 'email', 'knowledge', 'science', 'health']
[2025-07-27 18:32:04] [DEBUG] [Simpleneo4jKB.py:70] Extracted entities from 'factors.: Very Good | 4. Capable of conducting inv...': ['machine', 'problems', 'practice', 'issues', 'society', 'solutions', 'very good', 'development', 'software', 'learning', 'equipment', 'factors', 'intelligence', 'investigations', 'impact', 'need', 'engineering', 'excellent']
[2025-07-27 18:32:05] [DEBUG] [Simpleneo4jKB.py:123] Chunk 136: 18 entities - ['machine', 'problems', 'practice', 'issues', 'society']
[2025-07-27 18:32:05] [DEBUG] [Simpleneo4jKB.py:70] Extracted entities from '| 8. Understand professional and ethical responsib...': ['individual', 'member', 'responsibility', 'form', 'leader', 'teams', 'excellent']
[2025-07-27 18:32:05] [DEBUG] [Simpleneo4jKB.py:123] Chunk 137: 7 entities - ['individual', 'member', 'responsibility', 'form', 'leader']
[2025-07-27 18:32:05] [DEBUG] [Simpleneo4jKB.py:70] Extracted entities from '11. Acquired project management and finance skills...': ['project', 'programming', 'skills', 'management', 'problems', 'artificial intelligence & machine learning', 'world', 'allocation', 'development', 'projects', 'learning', 'problem', 'resource', 'principles', 'budgeting', 'excellent', 'artificial', 'adept', 'machine', 'software', 'intelligence', 'finance', 'life']
[2025-07-27 18:32:05] [DEBUG] [Simpleneo4jKB.py:123] Chunk 138: 23 entities - ['project', 'programming', 'skills', 'management', 'problems']
[2025-07-27 18:32:05] [DEBUG] [Simpleneo4jKB.py:70] Extracted entities from '& Machine Learning principles.: Excellent | 15. Pr...': ['machine', 'technologies', 'computer', 'system', 'resources', 'learning', 'principles', 'computing', 'excellent']
[2025-07-27 18:32:05] [DEBUG] [Simpleneo4jKB.py:123] Chunk 139: 9 entities - ['machine', 'technologies', 'computer', 'system', 'resources']
[2025-07-27 18:32:05] [DEBUG] [Simpleneo4jKB.py:70] Extracted entities from 'Timestamp: 10/26/2024 12:54:34 | Email Address: ak...': ['email address', 'email', 'knowledge', 'science', 'health', 'student', 'problems', 'satisfactory', 'timestamp', 'bansal', 'akanksha bansal', 'usn', 'address', 'branch', 'factors', 'engineering', 'systems', 'safety', 'aiml', 'computer', 'akanksha', 'solutions', 'mathematics']
[2025-07-27 18:32:06] [DEBUG] [Simpleneo4jKB.py:123] Chunk 140: 23 entities - ['email address', 'email', 'knowledge', 'science', 'health']
[2025-07-27 18:32:06] [DEBUG] [Simpleneo4jKB.py:70] Extracted entities from 'and environmental factors.: Satisfactory | 4. Capa...': ['machine', 'problems', 'practice', 'issues', 'society', 'solutions', 'development', 'software', 'learning', 'equipment', 'factors', 'intelligence', 'investigations', 'impact', 'need', 'engineering']
[2025-07-27 18:32:06] [DEBUG] [Simpleneo4jKB.py:123] Chunk 141: 16 entities - ['machine', 'problems', 'practice', 'issues', 'society']
[2025-07-27 18:32:06] [DEBUG] [Simpleneo4jKB.py:70] Extracted entities from 'development.: Satisfactory | 8. Understand profess...': ['individual', 'development', 'member', 'responsibility', 'form', 'leader', 'teams']
[2025-07-27 18:32:06] [DEBUG] [Simpleneo4jKB.py:123] Chunk 142: 7 entities - ['individual', 'development', 'member', 'responsibility', 'form']
[2025-07-27 18:32:06] [DEBUG] [Simpleneo4jKB.py:70] Extracted entities from '11. Acquired project management and finance skills...': ['project', 'programming', 'skills', 'management', 'problems', 'artificial intelligence & machine learning', 'world', 'allocation', 'development', 'projects', 'learning', 'problem', 'resource', 'principles', 'budgeting', 'artificial', 'adept', 'machine', 'software', 'intelligence', 'finance', 'life']
[2025-07-27 18:32:06] [DEBUG] [Simpleneo4jKB.py:123] Chunk 143: 22 entities - ['project', 'programming', 'skills', 'management', 'problems']
[2025-07-27 18:32:06] [DEBUG] [Simpleneo4jKB.py:70] Extracted entities from '& Machine Learning principles.: Satisfactory | 15....': ['machine', 'technologies', 'computer', 'system', 'resources', 'learning', 'principles', 'computing']
[2025-07-27 18:32:06] [DEBUG] [Simpleneo4jKB.py:123] Chunk 144: 8 entities - ['machine', 'technologies', 'computer', 'system', 'resources']
[2025-07-27 18:32:06] [DEBUG] [Simpleneo4jKB.py:70] Extracted entities from 'Timestamp: 10/26/2024 13:07:49 | Email Address: ka...': ['email address', 'email', 'knowledge', 'science', 'health', 'student', 'problems', 'satisfactory', 'very good', 'karthik', 'timestamp', 'karthikkckarthik02@gmail.com', 'usn', 'address', 'branch', 'factors', 'engineering', 'systems', 'safety', 'aiml', 'computer', 'solutions', 'mathematics']
[2025-07-27 18:32:07] [DEBUG] [Simpleneo4jKB.py:123] Chunk 145: 23 entities - ['email address', 'email', 'knowledge', 'science', 'health']
[2025-07-27 18:32:07] [DEBUG] [Simpleneo4jKB.py:70] Extracted entities from 'environmental factors.: Very Good | 4. Capable of ...': ['machine', 'problems', 'practice', 'issues', 'society', 'solutions', 'very good', 'development', 'software', 'learning', 'equipment', 'factors', 'intelligence', 'investigations', 'impact', 'need', 'engineering', 'excellent']
[2025-07-27 18:32:07] [DEBUG] [Simpleneo4jKB.py:123] Chunk 146: 18 entities - ['machine', 'problems', 'practice', 'issues', 'society']
[2025-07-27 18:32:07] [DEBUG] [Simpleneo4jKB.py:70] Extracted entities from 'Very Good | 8. Understand professional and ethical...': ['individual', 'very good', 'member', 'responsibility', 'form', 'leader', 'teams']
[2025-07-27 18:32:07] [DEBUG] [Simpleneo4jKB.py:123] Chunk 147: 7 entities - ['individual', 'very good', 'member', 'responsibility', 'form']
[2025-07-27 18:32:07] [DEBUG] [Simpleneo4jKB.py:70] Extracted entities from '11. Acquired project management and finance skills...': ['project', 'programming', 'skills', 'management', 'problems', 'artificial intelligence & machine learning', 'world', 'allocation', 'very good', 'development', 'projects', 'learning', 'problem', 'resource', 'principles', 'budgeting', 'artificial', 'adept', 'machine', 'software', 'intelligence', 'finance', 'life']
[2025-07-27 18:32:08] [DEBUG] [Simpleneo4jKB.py:123] Chunk 148: 23 entities - ['project', 'programming', 'skills', 'management', 'problems']
[2025-07-27 18:32:08] [DEBUG] [Simpleneo4jKB.py:70] Extracted entities from 'Learning principles.: Good | 15. Proficient in eff...': ['technologies', 'computer', 'very good', 'resources', 'system', 'principles', 'computing']
[2025-07-27 18:32:08] [DEBUG] [Simpleneo4jKB.py:123] Chunk 149: 7 entities - ['technologies', 'computer', 'very good', 'resources', 'system']
[2025-07-27 18:32:08] [DEBUG] [Simpleneo4jKB.py:70] Extracted entities from 'Timestamp: 10/26/2024 13:16:01 | Email Address: ab...': ['email address', 'email', 'knowledge', 'science', 'health', 'student', 'problems', 'satisfactory', 'timestamp', 'abhijit', 'pattanaik', 'usn', 'address', 'branch', 'factors', 'engineering', 'systems', 'safety', 'aiml', 'computer', 'solutions', 'abhijit pattanaik', 'mathematics']
[2025-07-27 18:32:08] [DEBUG] [Simpleneo4jKB.py:123] Chunk 150: 23 entities - ['email address', 'email', 'knowledge', 'science', 'health']
[2025-07-27 18:32:08] [DEBUG] [Simpleneo4jKB.py:70] Extracted entities from 'and environmental factors.: Satisfactory | 4. Capa...': ['machine', 'problems', 'practice', 'issues', 'society', 'solutions', 'development', 'software', 'learning', 'equipment', 'factors', 'intelligence', 'investigations', 'impact', 'need', 'engineering']
[2025-07-27 18:32:08] [DEBUG] [Simpleneo4jKB.py:123] Chunk 151: 16 entities - ['machine', 'problems', 'practice', 'issues', 'society']
[2025-07-27 18:32:08] [DEBUG] [Simpleneo4jKB.py:70] Extracted entities from 'development.: Satisfactory | 8. Understand profess...': ['individual', 'development', 'member', 'responsibility', 'form', 'leader', 'teams']
[2025-07-27 18:32:08] [DEBUG] [Simpleneo4jKB.py:123] Chunk 152: 7 entities - ['individual', 'development', 'member', 'responsibility', 'form']
[2025-07-27 18:32:08] [DEBUG] [Simpleneo4jKB.py:70] Extracted entities from '11. Acquired project management and finance skills...': ['project', 'programming', 'skills', 'management', 'problems', 'artificial intelligence & machine learning', 'world', 'allocation', 'development', 'projects', 'learning', 'problem', 'resource', 'principles', 'budgeting', 'artificial', 'adept', 'machine', 'software', 'intelligence', 'finance', 'life']
[2025-07-27 18:32:08] [DEBUG] [Simpleneo4jKB.py:123] Chunk 153: 22 entities - ['project', 'programming', 'skills', 'management', 'problems']
[2025-07-27 18:32:08] [DEBUG] [Simpleneo4jKB.py:70] Extracted entities from '& Machine Learning principles.: Satisfactory | 15....': ['machine', 'technologies', 'computer', 'system', 'resources', 'learning', 'principles', 'computing']
[2025-07-27 18:32:08] [DEBUG] [Simpleneo4jKB.py:123] Chunk 154: 8 entities - ['machine', 'technologies', 'computer', 'system', 'resources']
[2025-07-27 18:32:08] [DEBUG] [Simpleneo4jKB.py:70] Extracted entities from 'Timestamp: 10/26/2024 13:33:35 | Email Address: de...': ['email address', 'dev', 'email', 'knowledge', 'science', 'health', 'student', 'problems', 'timestamp', 'usn', 'address', 'branch', 'dev kumar', 'factors', 'engineering', 'excellent', 'systems', 'safety', 'aiml', 'kumar', 'computer', 'solutions', 'mathematics', 'khetan']
[2025-07-27 18:32:09] [DEBUG] [Simpleneo4jKB.py:123] Chunk 155: 24 entities - ['email address', 'dev', 'email', 'knowledge', 'science']
[2025-07-27 18:32:09] [DEBUG] [Simpleneo4jKB.py:70] Extracted entities from 'factors.: Excellent | 4. Capable of conducting inv...': ['machine', 'problems', 'practice', 'issues', 'society', 'solutions', 'development', 'software', 'learning', 'equipment', 'factors', 'intelligence', 'investigations', 'impact', 'need', 'engineering', 'excellent']
[2025-07-27 18:32:09] [DEBUG] [Simpleneo4jKB.py:123] Chunk 156: 17 entities - ['machine', 'problems', 'practice', 'issues', 'society']
[2025-07-27 18:32:09] [DEBUG] [Simpleneo4jKB.py:70] Extracted entities from '| 8. Understand professional and ethical responsib...': ['individual', 'member', 'responsibility', 'form', 'leader', 'teams', 'excellent']
[2025-07-27 18:32:09] [DEBUG] [Simpleneo4jKB.py:123] Chunk 157: 7 entities - ['individual', 'member', 'responsibility', 'form', 'leader']
[2025-07-27 18:32:09] [DEBUG] [Simpleneo4jKB.py:70] Extracted entities from '11. Acquired project management and finance skills...': ['project', 'programming', 'skills', 'management', 'problems', 'artificial intelligence & machine learning', 'world', 'allocation', 'development', 'projects', 'learning', 'problem', 'resource', 'principles', 'budgeting', 'excellent', 'artificial', 'adept', 'machine', 'software', 'intelligence', 'finance', 'life']
[2025-07-27 18:32:09] [DEBUG] [Simpleneo4jKB.py:123] Chunk 158: 23 entities - ['project', 'programming', 'skills', 'management', 'problems']
[2025-07-27 18:32:09] [DEBUG] [Simpleneo4jKB.py:70] Extracted entities from '& Machine Learning principles.: Excellent | 15. Pr...': ['machine', 'technologies', 'computer', 'system', 'resources', 'learning', 'principles', 'computing', 'excellent']
[2025-07-27 18:32:09] [DEBUG] [Simpleneo4jKB.py:123] Chunk 159: 9 entities - ['machine', 'technologies', 'computer', 'system', 'resources']
[2025-07-27 18:32:09] [DEBUG] [Simpleneo4jKB.py:70] Extracted entities from 'Timestamp: 10/26/2024 13:35:07 | Email Address: 20...': ['email address', 'email', 'knowledge', 'science', 'health', 'student', 'problems', 'ankur', 'ankur singh', 'timestamp', 'usn', 'address', 'singh', 'branch', 'factors', 'engineering', 'excellent', 'systems', 'safety', 'aiml', 'computer', 'solutions', 'mathematics']
[2025-07-27 18:32:10] [DEBUG] [Simpleneo4jKB.py:123] Chunk 160: 23 entities - ['email address', 'email', 'knowledge', 'science', 'health']
[2025-07-27 18:32:10] [DEBUG] [Simpleneo4jKB.py:70] Extracted entities from 'factors.: Excellent | 4. Capable of conducting inv...': ['machine', 'problems', 'practice', 'issues', 'society', 'solutions', 'development', 'software', 'learning', 'equipment', 'factors', 'intelligence', 'investigations', 'impact', 'need', 'engineering', 'excellent']
[2025-07-27 18:32:10] [DEBUG] [Simpleneo4jKB.py:123] Chunk 161: 17 entities - ['machine', 'problems', 'practice', 'issues', 'society']
[2025-07-27 18:32:10] [DEBUG] [Simpleneo4jKB.py:70] Extracted entities from '| 8. Understand professional and ethical responsib...': ['individual', 'member', 'responsibility', 'form', 'leader', 'teams', 'excellent']
[2025-07-27 18:32:10] [DEBUG] [Simpleneo4jKB.py:123] Chunk 162: 7 entities - ['individual', 'member', 'responsibility', 'form', 'leader']
[2025-07-27 18:32:10] [DEBUG] [Simpleneo4jKB.py:70] Extracted entities from '11. Acquired project management and finance skills...': ['project', 'programming', 'skills', 'management', 'problems', 'artificial intelligence & machine learning', 'world', 'allocation', 'development', 'projects', 'learning', 'problem', 'resource', 'principles', 'budgeting', 'excellent', 'artificial', 'adept', 'machine', 'software', 'intelligence', 'finance', 'life']
[2025-07-27 18:32:10] [DEBUG] [Simpleneo4jKB.py:123] Chunk 163: 23 entities - ['project', 'programming', 'skills', 'management', 'problems']
[2025-07-27 18:32:10] [DEBUG] [Simpleneo4jKB.py:70] Extracted entities from '& Machine Learning principles.: Excellent | 15. Pr...': ['machine', 'technologies', 'computer', 'system', 'resources', 'learning', 'principles', 'computing', 'excellent']
[2025-07-27 18:32:10] [DEBUG] [Simpleneo4jKB.py:123] Chunk 164: 9 entities - ['machine', 'technologies', 'computer', 'system', 'resources']
[2025-07-27 18:32:10] [DEBUG] [Simpleneo4jKB.py:70] Extracted entities from 'Timestamp: 10/26/2024 13:40:13 | Email Address: 20...': ['email address', 'email', 'knowledge', 'science', 'health', 'student', 'problems', 'timestamp', 'usn', 'address', 'sridaran', 'branch', 'factors', 'rivana', 'engineering', 'excellent', 'systems', 'safety', 'aiml', 'rivana sridaran', 'solutions', 'computer', 'mathematics']
[2025-07-27 18:32:10] [DEBUG] [Simpleneo4jKB.py:123] Chunk 165: 23 entities - ['email address', 'email', 'knowledge', 'science', 'health']
[2025-07-27 18:32:10] [DEBUG] [Simpleneo4jKB.py:70] Extracted entities from 'environmental factors.: Excellent | 4. Capable of ...': ['machine', 'problems', 'practice', 'issues', 'society', 'solutions', 'development', 'software', 'learning', 'equipment', 'factors', 'intelligence', 'investigations', 'impact', 'need', 'engineering', 'excellent']
[2025-07-27 18:32:10] [DEBUG] [Simpleneo4jKB.py:123] Chunk 166: 17 entities - ['machine', 'problems', 'practice', 'issues', 'society']
[2025-07-27 18:32:10] [DEBUG] [Simpleneo4jKB.py:70] Extracted entities from 'Excellent | 8. Understand professional and ethical...': ['individual', 'member', 'responsibility', 'form', 'leader', 'teams', 'excellent']
[2025-07-27 18:32:10] [DEBUG] [Simpleneo4jKB.py:123] Chunk 167: 7 entities - ['individual', 'member', 'responsibility', 'form', 'leader']
[2025-07-27 18:32:10] [DEBUG] [Simpleneo4jKB.py:70] Extracted entities from '11. Acquired project management and finance skills...': ['project', 'programming', 'skills', 'management', 'problems', 'artificial intelligence & machine learning', 'world', 'allocation', 'development', 'projects', 'learning', 'problem', 'resource', 'principles', 'budgeting', 'excellent', 'artificial', 'adept', 'machine', 'software', 'intelligence', 'finance', 'life']
[2025-07-27 18:32:11] [DEBUG] [Simpleneo4jKB.py:123] Chunk 168: 23 entities - ['project', 'programming', 'skills', 'management', 'problems']
[2025-07-27 18:32:11] [DEBUG] [Simpleneo4jKB.py:70] Extracted entities from '& Machine Learning principles.: Excellent | 15. Pr...': ['machine', 'technologies', 'computer', 'system', 'resources', 'learning', 'principles', 'computing', 'excellent']
[2025-07-27 18:32:11] [DEBUG] [Simpleneo4jKB.py:123] Chunk 169: 9 entities - ['machine', 'technologies', 'computer', 'system', 'resources']
[2025-07-27 18:32:11] [DEBUG] [Simpleneo4jKB.py:70] Extracted entities from 'Timestamp: 10/26/2024 13:50:35 | Email Address: li...': ['email address', 'email', 'knowledge', 'science', 'health', 'student', 'problems', 'very good', 'timestamp', 'likith', 'usn', 'address', 'branch', 'factors', 'systems', 'engineering', 'safety', 'aiml', 'computer', 'solutions', 'mathematics']
[2025-07-27 18:32:12] [DEBUG] [Simpleneo4jKB.py:123] Chunk 170: 21 entities - ['email address', 'email', 'knowledge', 'science', 'health']
[2025-07-27 18:32:12] [DEBUG] [Simpleneo4jKB.py:70] Extracted entities from 'factors.: Very Good | 4. Capable of conducting inv...': ['machine', 'problems', 'practice', 'issues', 'society', 'solutions', 'very good', 'development', 'software', 'learning', 'equipment', 'factors', 'intelligence', 'investigations', 'impact', 'need', 'engineering', 'excellent']
[2025-07-27 18:32:12] [DEBUG] [Simpleneo4jKB.py:123] Chunk 171: 18 entities - ['machine', 'problems', 'practice', 'issues', 'society']
[2025-07-27 18:32:12] [DEBUG] [Simpleneo4jKB.py:70] Extracted entities from '| 8. Understand professional and ethical responsib...': ['individual', 'member', 'responsibility', 'form', 'leader', 'teams', 'excellent']
[2025-07-27 18:32:12] [DEBUG] [Simpleneo4jKB.py:123] Chunk 172: 7 entities - ['individual', 'member', 'responsibility', 'form', 'leader']
[2025-07-27 18:32:12] [DEBUG] [Simpleneo4jKB.py:70] Extracted entities from '11. Acquired project management and finance skills...': ['project', 'programming', 'skills', 'management', 'problems', 'artificial intelligence & machine learning', 'world', 'allocation', 'development', 'projects', 'learning', 'problem', 'resource', 'principles', 'budgeting', 'excellent', 'artificial', 'adept', 'machine', 'software', 'intelligence', 'finance', 'life']
[2025-07-27 18:32:12] [DEBUG] [Simpleneo4jKB.py:123] Chunk 173: 23 entities - ['project', 'programming', 'skills', 'management', 'problems']
[2025-07-27 18:32:12] [DEBUG] [Simpleneo4jKB.py:70] Extracted entities from '& Machine Learning principles.: Excellent | 15. Pr...': ['machine', 'technologies', 'computer', 'system', 'resources', 'learning', 'principles', 'computing', 'excellent']
[2025-07-27 18:32:12] [DEBUG] [Simpleneo4jKB.py:123] Chunk 174: 9 entities - ['machine', 'technologies', 'computer', 'system', 'resources']
[2025-07-27 18:32:12] [DEBUG] [Simpleneo4jKB.py:70] Extracted entities from 'Timestamp: 10/26/2024 13:50:45 | Email Address: 20...': ['email address', 'email', 'knowledge', 'science', 'health', 'student', 'problems', 'very good', 'timestamp', 'usn', 'address', 'branch', 'factors', 'systems', 'engineering', 'safety', 'aiml', 'sahana', 'computer', 'solutions', 'mathematics']
[2025-07-27 18:32:13] [DEBUG] [Simpleneo4jKB.py:123] Chunk 175: 21 entities - ['email address', 'email', 'knowledge', 'science', 'health']
[2025-07-27 18:32:13] [DEBUG] [Simpleneo4jKB.py:70] Extracted entities from 'factors.: Very Good | 4. Capable of conducting inv...': ['machine', 'problems', 'practice', 'issues', 'society', 'solutions', 'very good', 'development', 'software', 'learning', 'equipment', 'factors', 'intelligence', 'investigations', 'impact', 'need', 'engineering']
[2025-07-27 18:32:13] [DEBUG] [Simpleneo4jKB.py:123] Chunk 176: 17 entities - ['machine', 'problems', 'practice', 'issues', 'society']
[2025-07-27 18:32:13] [DEBUG] [Simpleneo4jKB.py:70] Extracted entities from 'Good | 8. Understand professional and ethical resp...': ['individual', 'very good', 'member', 'responsibility', 'form', 'leader', 'teams']
[2025-07-27 18:32:13] [DEBUG] [Simpleneo4jKB.py:123] Chunk 177: 7 entities - ['individual', 'very good', 'member', 'responsibility', 'form']
[2025-07-27 18:32:13] [DEBUG] [Simpleneo4jKB.py:70] Extracted entities from '11. Acquired project management and finance skills...': ['project', 'programming', 'skills', 'management', 'problems', 'artificial intelligence & machine learning', 'world', 'allocation', 'very good', 'development', 'projects', 'learning', 'problem', 'resource', 'principles', 'budgeting', 'artificial', 'adept', 'machine', 'software', 'intelligence', 'finance', 'life']
[2025-07-27 18:32:13] [DEBUG] [Simpleneo4jKB.py:123] Chunk 178: 23 entities - ['project', 'programming', 'skills', 'management', 'problems']
[2025-07-27 18:32:13] [DEBUG] [Simpleneo4jKB.py:70] Extracted entities from '& Machine Learning principles.: Very  Good | 15. P...': ['machine', 'technologies', 'computer', 'very good', 'system', 'resources', 'learning', 'principles', 'computing']
[2025-07-27 18:32:13] [DEBUG] [Simpleneo4jKB.py:123] Chunk 179: 9 entities - ['machine', 'technologies', 'computer', 'very good', 'system']
[2025-07-27 18:32:13] [DEBUG] [Simpleneo4jKB.py:70] Extracted entities from 'Timestamp: 10/26/2024 13:50:51 | Email Address: sa...': ['email address', 'email', 'knowledge', 'science', 'health', 'student', 'samit', 'problems', 'timestamp', 'chittiappa', 'usn', 'address', 'malachira', 'branch', 'engineering', 'excellent', 'systems', 'safety', 'aiml', 'computer', 'solutions', 'mathematics']
[2025-07-27 18:32:12] [DEBUG] [Simpleneo4jKB.py:123] Chunk 180: 22 entities - ['email address', 'email', 'knowledge', 'science', 'health']
[2025-07-27 18:32:12] [DEBUG] [Simpleneo4jKB.py:70] Extracted entities from 'safety, and cultural, societal, and environmental ...': ['machine', 'problems', 'practice', 'issues', 'society', 'solutions', 'development', 'software', 'learning', 'equipment', 'factors', 'intelligence', 'investigations', 'impact', 'need', 'engineering', 'excellent', 'safety']
[2025-07-27 18:32:12] [DEBUG] [Simpleneo4jKB.py:123] Chunk 181: 18 entities - ['machine', 'problems', 'practice', 'issues', 'society']
[2025-07-27 18:32:12] [DEBUG] [Simpleneo4jKB.py:70] Extracted entities from 'need for sustainable development.: Excellent | 8. ...': ['individual', 'development', 'member', 'responsibility', 'form', 'leader', 'teams', 'excellent']
[2025-07-27 18:32:13] [DEBUG] [Simpleneo4jKB.py:123] Chunk 182: 8 entities - ['individual', 'development', 'member', 'responsibility', 'form']
[2025-07-27 18:32:13] [DEBUG] [Simpleneo4jKB.py:70] Extracted entities from '11. Acquired project management and finance skills...': ['project', 'programming', 'skills', 'management', 'problems', 'artificial intelligence & machine learning', 'world', 'allocation', 'development', 'projects', 'learning', 'problem', 'resource', 'principles', 'budgeting', 'excellent', 'artificial', 'adept', 'machine', 'software', 'intelligence', 'finance', 'life']
[2025-07-27 18:32:13] [DEBUG] [Simpleneo4jKB.py:123] Chunk 183: 23 entities - ['project', 'programming', 'skills', 'management', 'problems']
[2025-07-27 18:32:13] [DEBUG] [Simpleneo4jKB.py:70] Extracted entities from '& Machine Learning principles.: Excellent | 15. Pr...': ['machine', 'technologies', 'computer', 'system', 'resources', 'learning', 'principles', 'computing', 'excellent']
[2025-07-27 18:32:13] [DEBUG] [Simpleneo4jKB.py:123] Chunk 184: 9 entities - ['machine', 'technologies', 'computer', 'system', 'resources']
[2025-07-27 18:32:13] [DEBUG] [Simpleneo4jKB.py:70] Extracted entities from 'Timestamp: 10/26/2024 14:05:28 | Email Address: vi...': ['vignesh n  | 1', 'email address', 'email', 'knowledge', 'science', 'vignesh', 'student', 'health', 'problems', 'timestamp', 'usn', 'address', 'branch', 'factors', 'engineering', 'excellent', 'systems', 'safety', 'aiml', 'computer', 'solutions', 'vigneshnvicky567@gmail.com', 'mathematics']
[2025-07-27 18:32:13] [DEBUG] [Simpleneo4jKB.py:123] Chunk 185: 23 entities - ['vignesh n  | 1', 'email address', 'email', 'knowledge', 'science']
[2025-07-27 18:32:13] [DEBUG] [Simpleneo4jKB.py:70] Extracted entities from 'environmental factors.: Excellent | 4. Capable of ...': ['machine', 'problems', 'practice', 'issues', 'society', 'solutions', 'very good', 'development', 'software', 'learning', 'equipment', 'factors', 'intelligence', 'investigations', 'impact', 'need', 'engineering', 'excellent']
[2025-07-27 18:32:13] [DEBUG] [Simpleneo4jKB.py:123] Chunk 186: 18 entities - ['machine', 'problems', 'practice', 'issues', 'society']
[2025-07-27 18:32:13] [DEBUG] [Simpleneo4jKB.py:70] Extracted entities from 'Good | 8. Understand professional and ethical resp...': ['individual', 'very good', 'member', 'responsibility', 'form', 'leader', 'teams']
[2025-07-27 18:32:14] [DEBUG] [Simpleneo4jKB.py:123] Chunk 187: 7 entities - ['individual', 'very good', 'member', 'responsibility', 'form']
[2025-07-27 18:32:14] [DEBUG] [Simpleneo4jKB.py:70] Extracted entities from '11. Acquired project management and finance skills...': ['project', 'programming', 'skills', 'management', 'problems', 'artificial intelligence & machine learning', 'world', 'allocation', 'very good', 'development', 'projects', 'learning', 'problem', 'resource', 'principles', 'budgeting', 'excellent', 'artificial', 'adept', 'machine', 'software', 'intelligence', 'finance', 'life']
[2025-07-27 18:32:14] [DEBUG] [Simpleneo4jKB.py:123] Chunk 188: 24 entities - ['project', 'programming', 'skills', 'management', 'problems']
[2025-07-27 18:32:14] [DEBUG] [Simpleneo4jKB.py:70] Extracted entities from '& Machine Learning principles.: Excellent | 15. Pr...': ['machine', 'technologies', 'computer', 'system', 'resources', 'learning', 'principles', 'computing', 'excellent']
[2025-07-27 18:32:14] [DEBUG] [Simpleneo4jKB.py:123] Chunk 189: 9 entities - ['machine', 'technologies', 'computer', 'system', 'resources']
[2025-07-27 18:32:14] [DEBUG] [Simpleneo4jKB.py:70] Extracted entities from 'Timestamp: 10/26/2024 14:22:40 | Email Address: pb...': ['email address', 'email', 'knowledge', 'science', 'health', 'student', 'problems', 'timestamp', 'usn', 'address', 'branch', 'factors', 'systems', 'engineering', 'excellent', 'safety', 'pbs.dsce2001@gmail.com', 'aiml', 'computer', 'swaroop', 'solutions', 'mathematics']
[2025-07-27 18:32:14] [DEBUG] [Simpleneo4jKB.py:123] Chunk 190: 22 entities - ['email address', 'email', 'knowledge', 'science', 'health']
[2025-07-27 18:32:14] [DEBUG] [Simpleneo4jKB.py:70] Extracted entities from 'factors.: Excellent | 4. Capable of conducting inv...': ['machine', 'problems', 'practice', 'issues', 'society', 'solutions', 'development', 'software', 'learning', 'equipment', 'factors', 'intelligence', 'investigations', 'impact', 'need', 'engineering', 'excellent']
[2025-07-27 18:32:14] [DEBUG] [Simpleneo4jKB.py:123] Chunk 191: 17 entities - ['machine', 'problems', 'practice', 'issues', 'society']
[2025-07-27 18:32:14] [DEBUG] [Simpleneo4jKB.py:70] Extracted entities from '| 8. Understand professional and ethical responsib...': ['individual', 'member', 'responsibility', 'form', 'leader', 'teams', 'excellent']
[2025-07-27 18:32:15] [DEBUG] [Simpleneo4jKB.py:123] Chunk 192: 7 entities - ['individual', 'member', 'responsibility', 'form', 'leader']
[2025-07-27 18:32:15] [DEBUG] [Simpleneo4jKB.py:70] Extracted entities from '11. Acquired project management and finance skills...': ['project', 'programming', 'skills', 'management', 'problems', 'artificial intelligence & machine learning', 'world', 'allocation', 'development', 'projects', 'learning', 'problem', 'resource', 'principles', 'budgeting', 'excellent', 'artificial', 'adept', 'machine', 'software', 'intelligence', 'finance', 'life']
[2025-07-27 18:32:15] [DEBUG] [Simpleneo4jKB.py:123] Chunk 193: 23 entities - ['project', 'programming', 'skills', 'management', 'problems']
[2025-07-27 18:32:15] [DEBUG] [Simpleneo4jKB.py:70] Extracted entities from '& Machine Learning principles.: Excellent | 15. Pr...': ['machine', 'technologies', 'computer', 'system', 'resources', 'learning', 'principles', 'computing', 'excellent']
[2025-07-27 18:32:15] [DEBUG] [Simpleneo4jKB.py:123] Chunk 194: 9 entities - ['machine', 'technologies', 'computer', 'system', 'resources']
[2025-07-27 18:32:15] [DEBUG] [Simpleneo4jKB.py:70] Extracted entities from 'Timestamp: 10/26/2024 14:23:00 | Email Address: ta...': ['email address', 'fathima', 'tazyeen', 'email', 'knowledge', 'science', 'health', 'student', 'problems', 'very good', 'timestamp', 'usn', 'address', 'branch', 'factors', 'systems', 'engineering', 'safety', 'aiml', 'computer', 'solutions', 'mathematics']
[2025-07-27 18:32:15] [DEBUG] [Simpleneo4jKB.py:123] Chunk 195: 22 entities - ['email address', 'fathima', 'tazyeen', 'email', 'knowledge']
[2025-07-27 18:32:15] [DEBUG] [Simpleneo4jKB.py:70] Extracted entities from 'environmental factors.: Very Good | 4. Capable of ...': ['machine', 'problems', 'practice', 'issues', 'society', 'solutions', 'very good', 'development', 'software', 'learning', 'equipment', 'factors', 'intelligence', 'investigations', 'impact', 'need', 'engineering']
[2025-07-27 18:32:16] [DEBUG] [Simpleneo4jKB.py:123] Chunk 196: 17 entities - ['machine', 'problems', 'practice', 'issues', 'society']
[2025-07-27 18:32:16] [DEBUG] [Simpleneo4jKB.py:70] Extracted entities from 'Very Good | 8. Understand professional and ethical...': ['individual', 'very good', 'member', 'responsibility', 'form', 'leader', 'teams', 'excellent']
[2025-07-27 18:32:16] [DEBUG] [Simpleneo4jKB.py:123] Chunk 197: 8 entities - ['individual', 'very good', 'member', 'responsibility', 'form']
[2025-07-27 18:32:16] [DEBUG] [Simpleneo4jKB.py:70] Extracted entities from '11. Acquired project management and finance skills...': ['project', 'programming', 'skills', 'management', 'problems', 'artificial intelligence & machine learning', 'world', 'allocation', 'very good', 'development', 'projects', 'learning', 'problem', 'resource', 'principles', 'budgeting', 'artificial', 'adept', 'machine', 'software', 'intelligence', 'finance', 'life']
[2025-07-27 18:32:16] [DEBUG] [Simpleneo4jKB.py:123] Chunk 198: 23 entities - ['project', 'programming', 'skills', 'management', 'problems']
[2025-07-27 18:32:16] [DEBUG] [Simpleneo4jKB.py:70] Extracted entities from '& Machine Learning principles.: Very  Good | 15. P...': ['machine', 'technologies', 'computer', 'very good', 'system', 'resources', 'learning', 'principles', 'computing']
[2025-07-27 18:32:16] [DEBUG] [Simpleneo4jKB.py:123] Chunk 199: 9 entities - ['machine', 'technologies', 'computer', 'very good', 'system']
[2025-07-27 18:32:16] [DEBUG] [Simpleneo4jKB.py:70] Extracted entities from 'Timestamp: 10/26/2024 14:23:20 | Email Address: ne...': ['email address', 'email', 'knowledge', 'sahukar', 'science', 'health', 'student', 'nehal k sahukar', 'problems', 'timestamp', 'usn', 'address', 'branch', 'nehal', 'factors', 'engineering', 'excellent', 'systems', 'safety', 'aiml', 'computer', 'solutions', 'mathematics']
[2025-07-27 18:32:16] [DEBUG] [Simpleneo4jKB.py:123] Chunk 200: 23 entities - ['email address', 'email', 'knowledge', 'sahukar', 'science']
[2025-07-27 18:32:16] [DEBUG] [Simpleneo4jKB.py:70] Extracted entities from 'environmental factors.: Excellent | 4. Capable of ...': ['machine', 'problems', 'practice', 'issues', 'society', 'solutions', 'development', 'software', 'learning', 'equipment', 'factors', 'intelligence', 'investigations', 'impact', 'need', 'engineering', 'excellent']
[2025-07-27 18:32:17] [DEBUG] [Simpleneo4jKB.py:123] Chunk 201: 17 entities - ['machine', 'problems', 'practice', 'issues', 'society']
[2025-07-27 18:32:17] [DEBUG] [Simpleneo4jKB.py:70] Extracted entities from 'Excellent | 8. Understand professional and ethical...': ['individual', 'member', 'responsibility', 'form', 'leader', 'teams', 'excellent']
[2025-07-27 18:32:17] [DEBUG] [Simpleneo4jKB.py:123] Chunk 202: 7 entities - ['individual', 'member', 'responsibility', 'form', 'leader']
[2025-07-27 18:32:17] [DEBUG] [Simpleneo4jKB.py:70] Extracted entities from '11. Acquired project management and finance skills...': ['project', 'programming', 'skills', 'management', 'problems', 'artificial intelligence & machine learning', 'world', 'allocation', 'development', 'projects', 'learning', 'problem', 'resource', 'principles', 'budgeting', 'excellent', 'artificial', 'adept', 'machine', 'software', 'intelligence', 'finance', 'life']
[2025-07-27 18:32:17] [DEBUG] [Simpleneo4jKB.py:123] Chunk 203: 23 entities - ['project', 'programming', 'skills', 'management', 'problems']
[2025-07-27 18:32:17] [DEBUG] [Simpleneo4jKB.py:70] Extracted entities from '& Machine Learning principles.: Excellent | 15. Pr...': ['machine', 'technologies', 'computer', 'system', 'resources', 'learning', 'principles', 'computing', 'excellent']
[2025-07-27 18:32:17] [DEBUG] [Simpleneo4jKB.py:123] Chunk 204: 9 entities - ['machine', 'technologies', 'computer', 'system', 'resources']
[2025-07-27 18:32:17] [DEBUG] [Simpleneo4jKB.py:70] Extracted entities from 'Timestamp: 10/26/2024 14:35:01 | Email Address: pa...': ['pavithra', 'email address', 'email', 'knowledge', 'science', 'health', 'student', 'problems', 'timestamp', 'usn', 'address', 'branch', 'factors', 'systems', 'engineering', 'excellent', 'safety', 'aiml', 'computer', 'solutions', 'mathematics']
[2025-07-27 18:32:17] [DEBUG] [Simpleneo4jKB.py:123] Chunk 205: 21 entities - ['pavithra', 'email address', 'email', 'knowledge', 'science']
[2025-07-27 18:32:17] [DEBUG] [Simpleneo4jKB.py:70] Extracted entities from 'factors.: Excellent | 4. Capable of conducting inv...': ['machine', 'problems', 'practice', 'issues', 'society', 'solutions', 'development', 'software', 'learning', 'equipment', 'factors', 'intelligence', 'investigations', 'impact', 'need', 'engineering', 'excellent']
[2025-07-27 18:32:18] [DEBUG] [Simpleneo4jKB.py:123] Chunk 206: 17 entities - ['machine', 'problems', 'practice', 'issues', 'society']
[2025-07-27 18:32:18] [DEBUG] [Simpleneo4jKB.py:70] Extracted entities from '| 8. Understand professional and ethical responsib...': ['individual', 'member', 'responsibility', 'form', 'leader', 'teams', 'excellent']
[2025-07-27 18:32:18] [DEBUG] [Simpleneo4jKB.py:123] Chunk 207: 7 entities - ['individual', 'member', 'responsibility', 'form', 'leader']
[2025-07-27 18:32:18] [DEBUG] [Simpleneo4jKB.py:70] Extracted entities from '11. Acquired project management and finance skills...': ['project', 'programming', 'skills', 'management', 'problems', 'artificial intelligence & machine learning', 'world', 'allocation', 'development', 'projects', 'learning', 'problem', 'resource', 'principles', 'budgeting', 'excellent', 'artificial', 'adept', 'machine', 'software', 'intelligence', 'finance', 'life']
[2025-07-27 18:32:18] [DEBUG] [Simpleneo4jKB.py:123] Chunk 208: 23 entities - ['project', 'programming', 'skills', 'management', 'problems']
[2025-07-27 18:32:18] [DEBUG] [Simpleneo4jKB.py:70] Extracted entities from '& Machine Learning principles.: Excellent | 15. Pr...': ['machine', 'technologies', 'computer', 'system', 'resources', 'learning', 'principles', 'computing', 'excellent']
[2025-07-27 18:32:18] [DEBUG] [Simpleneo4jKB.py:123] Chunk 209: 9 entities - ['machine', 'technologies', 'computer', 'system', 'resources']
[2025-07-27 18:32:18] [DEBUG] [Simpleneo4jKB.py:70] Extracted entities from 'Timestamp: 10/26/2024 14:38:41 | Email Address: 20...': ['email address', 'student name', 'hemanth', 'email', 'knowledge', 'science', 'health', 'student', 'kishor', 'atada', 'problems', 'timestamp', 'usn', 'address', 'branch', 'factors', 'engineering', 'excellent', 'systems', 'safety', 'aiml', 'computer', 'solutions', 'mathematics']
[2025-07-27 18:32:18] [DEBUG] [Simpleneo4jKB.py:123] Chunk 210: 24 entities - ['email address', 'student name', 'hemanth', 'email', 'knowledge']
[2025-07-27 18:32:18] [DEBUG] [Simpleneo4jKB.py:70] Extracted entities from 'factors.: Good | 4. Capable of conducting investig...': ['machine', 'problems', 'practice', 'issues', 'society', 'solutions', 'very good', 'development', 'software', 'learning', 'responsibility', 'equipment', 'factors', 'intelligence', 'investigations', 'impact', 'need', 'engineering']
[2025-07-27 18:32:19] [DEBUG] [Simpleneo4jKB.py:123] Chunk 211: 18 entities - ['machine', 'problems', 'practice', 'issues', 'society']
[2025-07-27 18:32:19] [DEBUG] [Simpleneo4jKB.py:70] Extracted entities from 'professional and ethical responsibility.: Satisfac...': ['individual', 'very good', 'member', 'professional and ethical', 'responsibility', 'form', 'leader', 'teams']
[2025-07-27 18:32:19] [DEBUG] [Simpleneo4jKB.py:123] Chunk 212: 8 entities - ['individual', 'very good', 'member', 'professional and ethical', 'responsibility']
[2025-07-27 18:32:19] [DEBUG] [Simpleneo4jKB.py:70] Extracted entities from '11. Acquired project management and finance skills...': ['project', 'programming', 'skills', 'management', 'problems', 'artificial intelligence & machine learning', 'world', 'allocation', 'development', 'projects', 'learning', 'problem', 'resource', 'principles', 'budgeting', 'artificial', 'adept', 'machine', 'software', 'intelligence', 'finance', 'life']
[2025-07-27 18:32:19] [DEBUG] [Simpleneo4jKB.py:123] Chunk 213: 22 entities - ['project', 'programming', 'skills', 'management', 'problems']
[2025-07-27 18:32:19] [DEBUG] [Simpleneo4jKB.py:70] Extracted entities from 'principles.: Very  Good | 15. Proficient in effici...': ['technologies', 'computer', 'very good', 'resources', 'system', 'principles', 'computing']
[2025-07-27 18:32:19] [DEBUG] [Simpleneo4jKB.py:123] Chunk 214: 7 entities - ['technologies', 'computer', 'very good', 'resources', 'system']
[2025-07-27 18:32:19] [DEBUG] [Simpleneo4jKB.py:70] Extracted entities from 'Timestamp: 10/26/2024 15:09:21 | Email Address: 1d...': ['email address', 'email', 'knowledge', 'science', 'health', 'student', 'problems', 'timestamp', 'usn', 'address', 'shravan  a s', 'branch', 'factors', 'shravan', 'systems', 'engineering', 'excellent', 'safety', 'aiml', 'computer', 'solutions', 'mathematics']
[2025-07-27 18:32:19] [DEBUG] [Simpleneo4jKB.py:123] Chunk 215: 22 entities - ['email address', 'email', 'knowledge', 'science', 'health']
[2025-07-27 18:32:19] [DEBUG] [Simpleneo4jKB.py:70] Extracted entities from 'factors.: Excellent | 4. Capable of conducting inv...': ['machine', 'problems', 'practice', 'issues', 'society', 'solutions', 'development', 'software', 'learning', 'equipment', 'factors', 'intelligence', 'investigations', 'impact', 'need', 'engineering', 'excellent']
[2025-07-27 18:32:20] [DEBUG] [Simpleneo4jKB.py:123] Chunk 216: 17 entities - ['machine', 'problems', 'practice', 'issues', 'society']
[2025-07-27 18:32:20] [DEBUG] [Simpleneo4jKB.py:70] Extracted entities from '| 8. Understand professional and ethical responsib...': ['individual', 'member', 'responsibility', 'form', 'leader', 'teams', 'excellent']
[2025-07-27 18:32:20] [DEBUG] [Simpleneo4jKB.py:123] Chunk 217: 7 entities - ['individual', 'member', 'responsibility', 'form', 'leader']
[2025-07-27 18:32:20] [DEBUG] [Simpleneo4jKB.py:70] Extracted entities from '11. Acquired project management and finance skills...': ['project', 'programming', 'skills', 'management', 'problems', 'artificial intelligence & machine learning', 'world', 'allocation', 'development', 'projects', 'learning', 'problem', 'resource', 'principles', 'budgeting', 'excellent', 'artificial', 'adept', 'machine', 'software', 'intelligence', 'finance', 'life']
[2025-07-27 18:32:20] [DEBUG] [Simpleneo4jKB.py:123] Chunk 218: 23 entities - ['project', 'programming', 'skills', 'management', 'problems']
[2025-07-27 18:32:20] [DEBUG] [Simpleneo4jKB.py:70] Extracted entities from '& Machine Learning principles.: Excellent | 15. Pr...': ['machine', 'technologies', 'computer', 'system', 'resources', 'learning', 'principles', 'computing', 'excellent']
[2025-07-27 18:32:20] [DEBUG] [Simpleneo4jKB.py:123] Chunk 219: 9 entities - ['machine', 'technologies', 'computer', 'system', 'resources']
[2025-07-27 18:32:20] [DEBUG] [Simpleneo4jKB.py:70] Extracted entities from 'Timestamp: 10/26/2024 15:19:49 | Email Address: vi...': ['vineel', 'email address', 'email', 'knowledge', 'science', 'health', 'student', 'problems', 'timestamp', 'usn', 'address', 'branch', 'factors', 'systems', 'engineering', 'excellent', 'safety', 'aiml', 'computer', 'solutions', 'mathematics']
[2025-07-27 18:32:21] [DEBUG] [Simpleneo4jKB.py:123] Chunk 220: 21 entities - ['vineel', 'email address', 'email', 'knowledge', 'science']
[2025-07-27 18:32:21] [DEBUG] [Simpleneo4jKB.py:70] Extracted entities from 'factors.: Excellent | 4. Capable of conducting inv...': ['machine', 'problems', 'practice', 'issues', 'society', 'solutions', 'development', 'software', 'learning', 'equipment', 'factors', 'intelligence', 'investigations', 'impact', 'need', 'engineering', 'excellent']
[2025-07-27 18:32:21] [DEBUG] [Simpleneo4jKB.py:123] Chunk 221: 17 entities - ['machine', 'problems', 'practice', 'issues', 'society']
[2025-07-27 18:32:21] [DEBUG] [Simpleneo4jKB.py:70] Extracted entities from '| 8. Understand professional and ethical responsib...': ['individual', 'member', 'responsibility', 'form', 'leader', 'teams', 'excellent']
[2025-07-27 18:32:21] [DEBUG] [Simpleneo4jKB.py:123] Chunk 222: 7 entities - ['individual', 'member', 'responsibility', 'form', 'leader']
[2025-07-27 18:32:21] [DEBUG] [Simpleneo4jKB.py:70] Extracted entities from '11. Acquired project management and finance skills...': ['project', 'programming', 'skills', 'management', 'problems', 'artificial intelligence & machine learning', 'world', 'allocation', 'development', 'projects', 'learning', 'problem', 'resource', 'principles', 'budgeting', 'excellent', 'artificial', 'adept', 'machine', 'software', 'intelligence', 'finance', 'life']
[2025-07-27 18:32:22] [DEBUG] [Simpleneo4jKB.py:123] Chunk 223: 23 entities - ['project', 'programming', 'skills', 'management', 'problems']
[2025-07-27 18:32:22] [DEBUG] [Simpleneo4jKB.py:70] Extracted entities from '& Machine Learning principles.: Excellent | 15. Pr...': ['machine', 'technologies', 'computer', 'system', 'resources', 'learning', 'principles', 'computing', 'excellent']
[2025-07-27 18:32:22] [DEBUG] [Simpleneo4jKB.py:123] Chunk 224: 9 entities - ['machine', 'technologies', 'computer', 'system', 'resources']
[2025-07-27 18:32:22] [DEBUG] [Simpleneo4jKB.py:70] Extracted entities from 'Timestamp: 10/26/2024 16:01:21 | Email Address: ni...': ['email address', 'email', 'knowledge', 'science', 'health', 'student', 'problems', 'timestamp', 'investigations', 'usn', 'niranthar', 'address', 'branch', 'factors', 'systems', 'engineering', 'safety', 'aiml', 'computer', 'solutions', 'mathematics']
[2025-07-27 18:32:22] [DEBUG] [Simpleneo4jKB.py:123] Chunk 225: 21 entities - ['email address', 'email', 'knowledge', 'science', 'health']
[2025-07-27 18:32:22] [DEBUG] [Simpleneo4jKB.py:70] Extracted entities from 'Good | 4. Capable of conducting investigations int...': ['machine', 'problems', 'practice', 'issues', 'society', 'solutions', 'development', 'software', 'learning', 'responsibility', 'equipment', 'need', 'intelligence', 'investigations', 'impact', 'engineering']
[2025-07-27 18:32:22] [DEBUG] [Simpleneo4jKB.py:123] Chunk 226: 16 entities - ['machine', 'problems', 'practice', 'issues', 'society']
[2025-07-27 18:32:23] [DEBUG] [Simpleneo4jKB.py:70] Extracted entities from 'responsibility.: Good | 9. Able to function effect...': ['individual', 'member', 'responsibility', 'form', 'leader', 'teams']
[2025-07-27 18:32:23] [DEBUG] [Simpleneo4jKB.py:123] Chunk 227: 6 entities - ['individual', 'member', 'responsibility', 'form', 'leader']
[2025-07-27 18:32:23] [DEBUG] [Simpleneo4jKB.py:70] Extracted entities from '11. Acquired project management and finance skills...': ['project', 'programming', 'skills', 'management', 'problems', 'artificial intelligence & machine learning', 'world', 'allocation', 'development', 'projects', 'learning', 'problem', 'resource', 'principles', 'budgeting', 'artificial', 'adept', 'machine', 'software', 'intelligence', 'finance', 'life']
[2025-07-27 18:32:23] [DEBUG] [Simpleneo4jKB.py:123] Chunk 228: 22 entities - ['project', 'programming', 'skills', 'management', 'problems']
[2025-07-27 18:32:23] [DEBUG] [Simpleneo4jKB.py:70] Extracted entities from 'principles.: Good | 15. Proficient in efficiently ...': ['technologies', 'computer', 'resources', 'system', 'principles', 'computing']
[2025-07-27 18:32:23] [DEBUG] [Simpleneo4jKB.py:123] Chunk 229: 6 entities - ['technologies', 'computer', 'resources', 'system', 'principles']
[2025-07-27 18:32:23] [INFO] [Simpleneo4jKB.py:125] Graph created: 230 chunks, 3598 total entities
[2025-07-27 18:32:23] [INFO] [Simpleneo4jKB.py:151] Graph verification - Session: ca6ffd3e-05ae-4ab9-9078-54fb05f84baa, Chunks: 230, Entities: 162
[2025-07-27 18:32:23] [INFO] [ChatbotSessionManager.py:148] Session ca6ffd3e-05ae-4ab9-9078-54fb05f84baa stored in Redis (primary) and local cache (fallback)
[2025-07-27 18:32:23] [INFO] [app.py:209] Session ca6ffd3e-05ae-4ab9-9078-54fb05f84baa created successfully
[2025-07-27 18:32:39] [INFO] [app.py:224] Processing query for session ca6ffd3e-05ae-4ab9-9078-54fb05f84baa
[2025-07-27 18:32:39] [INFO] [ChatbotSessionManager.py:166] Session ca6ffd3e-05ae-4ab9-9078-54fb05f84baa retrieved from Redis (primary cache)
[2025-07-27 18:32:39] [INFO] [GroqRAGProcessor.py:115] Answering question: 'how is the overall feedback?' for session: ca6ffd3e-05ae-4ab9-9078-54fb05f84baa
[2025-07-27 18:32:40] [INFO] [GroqRAGProcessor.py:122] Vector search returned 10 documents
[2025-07-27 18:32:40] [DEBUG] [GroqRAGProcessor.py:124] Vector doc 0: development.: Satisfactory | 8. Understand professional and ethical responsibility.: Satisfactory | ...
[2025-07-27 18:32:40] [DEBUG] [GroqRAGProcessor.py:124] Vector doc 1: development.: Satisfactory | 8. Understand professional and ethical responsibility.: Satisfactory | ...
[2025-07-27 18:32:40] [INFO] [GroqRAGProcessor.py:129] Attempting graph search...
[2025-07-27 18:32:40] [DEBUG] [Simpleneo4jKB.py:70] Extracted entities from 'how is the overall feedback?...': ['feedback']
[2025-07-27 18:32:40] [DEBUG] [Simpleneo4jKB.py:164] Query: 'how is the overall feedback?' -> Entities: ['feedback']
[2025-07-27 18:32:40] [DEBUG] [Simpleneo4jKB.py:191] No exact matches, trying fuzzy search
[2025-07-27 18:32:41] [INFO] [GroqRAGProcessor.py:131] Graph search returned 0 results
[2025-07-27 18:32:41] [INFO] [GroqRAGProcessor.py:146] Using vector-only context
[2025-07-27 18:32:41] [DEBUG] [GroqRAGProcessor.py:149] Context length: 3606 characters
[2025-07-27 18:32:42] [INFO] [GroqRAGProcessor.py:168] Answer generated: 1224 characters, search_type: vector_only
[2025-07-27 18:34:13] [INFO] [ChatbotSessionManager.py:70] Redis connected successfully - using as primary cache
[2025-07-27 18:34:13] [INFO] [Simpleneo4jKB.py:38] Neo4j connected successfully
[2025-07-27 18:34:14] [INFO] [Simpleneo4jKB.py:48] SpaCy model loaded successfully
[2025-07-27 18:34:21] [INFO] [GroqRAGProcessor.py:37] RAG Processor initialized
[2025-07-27 18:34:21] [INFO] [app.py:169] Starting session 54566314-ab55-45d1-a505-a7e9348c3941
[2025-07-27 18:34:21] [WARNING] [ChatbotSessionManager.py:184] Session 54566314-ab55-45d1-a505-a7e9348c3941 not found in either Redis or local cache
[2025-07-27 18:34:21] [DEBUG] [utils.py:88]  Fetching data from: https://docs.google.com/spreadsheets/d/1STyEshSdfP5ilAJrjxLRRZCXnoQRYBa8fxlWJYFHPzU/export?format=csv
[2025-07-27 18:34:22] [DEBUG] [utils.py:94] ✅ Successfully loaded 46 rows and 19 columns
[2025-07-27 18:34:22] [INFO] [GroqRAGProcessor.py:54] Created 230 chunks from text of length 81573
[2025-07-27 18:34:22] [DEBUG] [GroqRAGProcessor.py:58] Chunk 0 preview: Timestamp: 10/26/2024 10:39:10 | 1. Gained knowledge of mathematics and science required for AIML br...
[2025-07-27 18:34:22] [DEBUG] [GroqRAGProcessor.py:58] Chunk 1 preview: and machine learning issues.: Excellent | 5. Learned to use modern software and equipment to analyze...
[2025-07-27 18:34:22] [DEBUG] [GroqRAGProcessor.py:58] Chunk 2 preview: as an individual and as a member or leader in diverse, multidisciplinary teams.: Excellent | 10. Abl...
[2025-07-27 18:34:22] [INFO] [app.py:184] Created 230 chunks
[2025-07-27 18:34:26] [INFO] [GroqRAGProcessor.py:78] QA system created with 230 chunks
[2025-07-27 18:34:26] [INFO] [Simpleneo4jKB.py:86] Created session node for: 54566314-ab55-45d1-a505-a7e9348c3941
[2025-07-27 18:34:26] [DEBUG] [Simpleneo4jKB.py:70] Extracted entities from 'Timestamp: 10/26/2024 10:39:10 | 1. Gained knowled...': ['engineering', 'learning', 'issues', 'intelligence', 'machine', 'knowledge', 'investigations', 'solutions', 'mathematics', 'aiml', 'branch', 'health', 'science', 'factors', 'excellent', 'problems', 'safety', 'systems', 'computer', 'timestamp']
[2025-07-27 18:34:26] [DEBUG] [Simpleneo4jKB.py:70] Extracted entities from 'and machine learning issues.: Excellent | 5. Learn...': ['individual', 'society', 'responsibility', 'software', 'engineering', 'solutions', 'issues', 'learning', 'need', 'leader', 'member', 'excellent', 'impact', 'machine', 'equipment', 'problems', 'development', 'practice']
[2025-07-27 18:34:26] [DEBUG] [Simpleneo4jKB.py:70] Extracted entities from 'as an individual and as a member or leader in dive...': ['individual', 'teams', 'member', 'excellent', 'leader', 'form']
[2025-07-27 18:34:26] [DEBUG] [Simpleneo4jKB.py:70] Extracted entities from '11. Acquired project management and finance skills...': ['world', 'software', 'learning', 'artificial intelligence & machine learning', 'intelligence', 'machine', 'budgeting', 'problem', 'life', 'programming', 'allocation', 'project', 'resource', 'finance', 'excellent', 'skills', 'projects', 'artificial', 'principles', 'adept', 'problems', 'development', 'management']
[2025-07-27 18:34:27] [DEBUG] [Simpleneo4jKB.py:70] Extracted entities from '& Machine Learning principles.: Excellent | 15. Pr...': ['computer', 'learning', 'technologies', 'excellent', 'system', 'principles', 'machine', 'computing', 'resources']
[2025-07-27 18:34:27] [DEBUG] [Simpleneo4jKB.py:70] Extracted entities from 'Timestamp: 10/26/2024 11:24:55 | Email Address: ay...': ['engineering', 'student', 'usn', 'knowledge', 'email', 'solutions', 'mathematics', 'aiml', 'address', 'aditya', 'branch', 'health', 'science', 'email address', 'factors', 'excellent', 'problems', 'safety', 'systems', 'computer', 'ayush aditya', 'timestamp', 'ayush']
[2025-07-27 18:34:27] [DEBUG] [Simpleneo4jKB.py:70] Extracted entities from 'environmental factors.: Excellent | 4. Capable of ...': ['society', 'investigations', 'software', 'engineering', 'solutions', 'learning', 'issues', 'need', 'factors', 'excellent', 'impact', 'intelligence', 'machine', 'equipment', 'problems', 'development', 'practice']
[2025-07-27 18:34:27] [DEBUG] [Simpleneo4jKB.py:70] Extracted entities from 'Excellent | 8. Understand professional and ethical...': ['individual', 'teams', 'responsibility', 'member', 'excellent', 'leader', 'form']
[2025-07-27 18:34:27] [DEBUG] [Simpleneo4jKB.py:70] Extracted entities from '11. Acquired project management and finance skills...': ['world', 'software', 'learning', 'artificial intelligence & machine learning', 'intelligence', 'machine', 'budgeting', 'problem', 'life', 'programming', 'allocation', 'project', 'resource', 'finance', 'excellent', 'skills', 'projects', 'artificial', 'principles', 'adept', 'problems', 'development', 'management']
[2025-07-27 18:34:28] [DEBUG] [Simpleneo4jKB.py:70] Extracted entities from '& Machine Learning principles.: Excellent | 15. Pr...': ['computer', 'learning', 'technologies', 'excellent', 'system', 'principles', 'machine', 'computing', 'resources']
[2025-07-27 18:34:28] [DEBUG] [Simpleneo4jKB.py:70] Extracted entities from 'Timestamp: 10/26/2024 11:25:12 | Email Address: 20...': ['engineering', 'student', 'usn', 'knowledge', 'email', 'solutions', 'mathematics', 'aiml', 'address', 'advaik', 'branch', 'health', 'science', 'email address', 'factors', 'excellent', 'problems', 'safety', 'systems', 'computer', 'sunil', 'timestamp']
[2025-07-27 18:34:28] [DEBUG] [Simpleneo4jKB.py:70] Extracted entities from 'factors.: Excellent | 4. Capable of conducting inv...': ['society', 'investigations', 'software', 'engineering', 'solutions', 'learning', 'issues', 'need', 'factors', 'excellent', 'impact', 'intelligence', 'machine', 'equipment', 'problems', 'development', 'practice']
[2025-07-27 18:34:28] [DEBUG] [Simpleneo4jKB.py:70] Extracted entities from '| 8. Understand professional and ethical responsib...': ['individual', 'teams', 'responsibility', 'member', 'excellent', 'leader', 'form']
[2025-07-27 18:34:29] [DEBUG] [Simpleneo4jKB.py:70] Extracted entities from '11. Acquired project management and finance skills...': ['world', 'software', 'learning', 'artificial intelligence & machine learning', 'intelligence', 'machine', 'budgeting', 'problem', 'life', 'programming', 'allocation', 'project', 'resource', 'finance', 'excellent', 'skills', 'projects', 'artificial', 'principles', 'adept', 'problems', 'development', 'management']
[2025-07-27 18:34:29] [DEBUG] [Simpleneo4jKB.py:70] Extracted entities from '& Machine Learning principles.: Excellent | 15. Pr...': ['computer', 'learning', 'technologies', 'excellent', 'system', 'principles', 'machine', 'computing', 'resources']
[2025-07-27 18:34:29] [DEBUG] [Simpleneo4jKB.py:70] Extracted entities from 'Timestamp: 10/26/2024 11:25:36 | Email Address: ra...': ['engineering', 'student', 'usn', 'knowledge', 'email', 'solutions', 'mathematics', 'aiml', 'address', 'branch', 'health', 'science', 'factors', 'excellent', 'problems', 'safety', 'systems', 'computer', 'malekop', 'timestamp', 'rahul']
[2025-07-27 18:34:29] [DEBUG] [Simpleneo4jKB.py:70] Extracted entities from 'environmental factors.: Excellent | 4. Capable of ...': ['society', 'investigations', 'software', 'engineering', 'solutions', 'learning', 'issues', 'need', 'factors', 'excellent', 'impact', 'intelligence', 'machine', 'equipment', 'problems', 'development', 'practice']
[2025-07-27 18:34:30] [DEBUG] [Simpleneo4jKB.py:70] Extracted entities from 'Excellent | 8. Understand professional and ethical...': ['individual', 'teams', 'responsibility', 'member', 'excellent', 'leader', 'form']
[2025-07-27 18:34:30] [DEBUG] [Simpleneo4jKB.py:70] Extracted entities from '11. Acquired project management and finance skills...': ['world', 'software', 'learning', 'artificial intelligence & machine learning', 'intelligence', 'machine', 'budgeting', 'problem', 'life', 'programming', 'allocation', 'project', 'resource', 'finance', 'excellent', 'skills', 'projects', 'artificial', 'principles', 'adept', 'problems', 'development', 'management']
[2025-07-27 18:34:30] [DEBUG] [Simpleneo4jKB.py:70] Extracted entities from '& Machine Learning principles.: Excellent | 15. Pr...': ['computer', 'learning', 'technologies', 'excellent', 'system', 'principles', 'machine', 'computing', 'resources']
[2025-07-27 18:34:30] [DEBUG] [Simpleneo4jKB.py:70] Extracted entities from 'Timestamp: 10/26/2024 11:25:43 | Email Address: ch...': ['kumar', 'engineering', 'student', 'usn', 'knowledge', 'email', 'very good', 'solutions', 'mathematics', 'aiml', 'address', 'aditya', 'choubeyaditya123@gmail.com', 'branch', 'health', 'science', 'email address', 'factors', 'excellent', 'aditya kumar choubey', 'problems', 'safety', 'systems', 'computer', 'timestamp', 'choubey']
[2025-07-27 18:34:31] [DEBUG] [Simpleneo4jKB.py:70] Extracted entities from 'environmental factors.: Very Good | 4. Capable of ...': ['society', 'very good', 'investigations', 'software', 'engineering', 'learning', 'issues', 'solutions', 'need', 'factors', 'excellent', 'impact', 'intelligence', 'machine', 'equipment', 'problems', 'development', 'practice']
[2025-07-27 18:34:31] [DEBUG] [Simpleneo4jKB.py:70] Extracted entities from 'Very Good | 8. Understand professional and ethical...': ['individual', 'teams', 'very good', 'responsibility', 'member', 'excellent', 'leader', 'form']
[2025-07-27 18:34:31] [DEBUG] [Simpleneo4jKB.py:70] Extracted entities from '11. Acquired project management and finance skills...': ['world', 'software', 'learning', 'artificial intelligence & machine learning', 'intelligence', 'machine', 'budgeting', 'problem', 'life', 'programming', 'allocation', 'project', 'resource', 'finance', 'excellent', 'skills', 'projects', 'artificial', 'principles', 'adept', 'problems', 'development', 'management']
[2025-07-27 18:34:31] [DEBUG] [Simpleneo4jKB.py:70] Extracted entities from '& Machine Learning principles.: Excellent | 15. Pr...': ['computer', 'learning', 'technologies', 'excellent', 'system', 'principles', 'machine', 'computing', 'resources']
[2025-07-27 18:34:31] [DEBUG] [Simpleneo4jKB.py:70] Extracted entities from 'Timestamp: 10/26/2024 11:25:50 | Email Address: ra...': ['engineering', 'student', 'usn', 'knowledge', 'email', 'very good', 'solutions', 'mathematics', 'aiml', 'address', 'branch', 'health', 'science', 'email address', 'factors', 'rakesh', 'problems', 'safety', 'systems', 'computer', 'timestamp']
[2025-07-27 18:34:31] [DEBUG] [Simpleneo4jKB.py:70] Extracted entities from 'factors.: Very Good | 4. Capable of conducting inv...': ['society', 'very good', 'investigations', 'software', 'engineering', 'learning', 'issues', 'solutions', 'need', 'factors', 'impact', 'intelligence', 'machine', 'equipment', 'problems', 'development', 'practice']
[2025-07-27 18:34:32] [DEBUG] [Simpleneo4jKB.py:70] Extracted entities from 'Good | 8. Understand professional and ethical resp...': ['individual', 'teams', 'very good', 'responsibility', 'member', 'leader', 'form']
[2025-07-27 18:34:32] [DEBUG] [Simpleneo4jKB.py:70] Extracted entities from '11. Acquired project management and finance skills...': ['world', 'software', 'learning', 'artificial intelligence & machine learning', 'intelligence', 'machine', 'budgeting', 'very good', 'problem', 'life', 'programming', 'allocation', 'project', 'resource', 'finance', 'skills', 'projects', 'artificial', 'principles', 'adept', 'problems', 'development', 'management']
[2025-07-27 18:34:32] [DEBUG] [Simpleneo4jKB.py:70] Extracted entities from '& Machine Learning principles.: Very  Good | 15. P...': ['very good', 'computer', 'learning', 'technologies', 'system', 'principles', 'machine', 'computing', 'resources']
[2025-07-27 18:34:32] [DEBUG] [Simpleneo4jKB.py:70] Extracted entities from 'Timestamp: 10/26/2024 11:25:58 | Email Address: sa...': ['engineering', 'student', 'usn', 'knowledge', 'email', 'samiksha', 'very good', 'solutions', 'mathematics', 'aiml', 'address', 'branch', 'health', 'science', 'email address', 'factors', 'mehta', 'problems', 'safety', 'systems', 'computer', 'timestamp', 'samiksha mehta']
[2025-07-27 18:34:32] [DEBUG] [Simpleneo4jKB.py:70] Extracted entities from 'and environmental factors.: Good | 4. Capable of c...': ['society', 'very good', 'investigations', 'software', 'engineering', 'learning', 'issues', 'solutions', 'need', 'factors', 'impact', 'intelligence', 'machine', 'equipment', 'problems', 'development', 'practice']
[2025-07-27 18:34:32] [DEBUG] [Simpleneo4jKB.py:70] Extracted entities from 'Good | 8. Understand professional and ethical resp...': ['individual', 'teams', 'very good', 'responsibility', 'member', 'excellent', 'leader', 'form']
[2025-07-27 18:34:33] [DEBUG] [Simpleneo4jKB.py:70] Extracted entities from '11. Acquired project management and finance skills...': ['world', 'software', 'learning', 'artificial intelligence & machine learning', 'intelligence', 'machine', 'budgeting', 'problem', 'life', 'programming', 'allocation', 'project', 'resource', 'finance', 'excellent', 'skills', 'projects', 'artificial', 'principles', 'adept', 'problems', 'development', 'management']
[2025-07-27 18:34:33] [DEBUG] [Simpleneo4jKB.py:70] Extracted entities from '& Machine Learning principles.: Excellent | 15. Pr...': ['computer', 'learning', 'technologies', 'excellent', 'system', 'principles', 'machine', 'computing', 'resources']
[2025-07-27 18:34:33] [DEBUG] [Simpleneo4jKB.py:70] Extracted entities from 'Timestamp: 10/26/2024 11:27:16 | Email Address: 20...': ['engineering', 'student', 'usn', 'knowledge', 'email', 'investigations', 'solutions', 'mathematics', 'aiml', 'address', 'yash rathi', 'yash', 'branch', 'health', 'science', 'email address', 'factors', 'problems', 'safety', 'systems', 'computer', 'rathi', 'timestamp']
[2025-07-27 18:34:33] [DEBUG] [Simpleneo4jKB.py:70] Extracted entities from 'Good | 4. Capable of conducting investigations int...': ['society', 'very good', 'investigations', 'software', 'engineering', 'learning', 'issues', 'solutions', 'need', 'responsibility', 'impact', 'intelligence', 'machine', 'equipment', 'problems', 'development', 'practice']
[2025-07-27 18:34:33] [DEBUG] [Simpleneo4jKB.py:70] Extracted entities from 'professional and ethical responsibility.: Satisfac...': ['individual', 'teams', 'very good', 'responsibility', 'member', 'professional and ethical', 'leader', 'form']
[2025-07-27 18:34:33] [DEBUG] [Simpleneo4jKB.py:70] Extracted entities from '11. Acquired project management and finance skills...': ['world', 'software', 'learning', 'artificial intelligence & machine learning', 'intelligence', 'machine', 'budgeting', 'very good', 'satisfactory', 'problem', 'life', 'programming', 'allocation', 'project', 'resource', 'finance', 'skills', 'projects', 'artificial', 'principles', 'adept', 'problems', 'development', 'management']
[2025-07-27 18:34:33] [DEBUG] [Simpleneo4jKB.py:70] Extracted entities from '& Machine Learning principles.: Very  Good | 15. P...': ['computer', 'learning', 'technologies', 'system', 'principles', 'machine', 'computing', 'resources']
[2025-07-27 18:34:33] [DEBUG] [Simpleneo4jKB.py:70] Extracted entities from 'Timestamp: 10/26/2024 11:27:35 | Email Address: po...': ['engineering', 'pooja singari', 'student', 'usn', 'pooja', 'singari', 'knowledge', 'email', 'very good', 'solutions', 'mathematics', 'aiml', 'address', 'branch', 'health', 'science', 'email address', 'factors', 'problems', 'safety', 'systems', 'computer', 'timestamp']
[2025-07-27 18:34:34] [DEBUG] [Simpleneo4jKB.py:70] Extracted entities from 'factors.: Very Good | 4. Capable of conducting inv...': ['society', 'very good', 'investigations', 'software', 'engineering', 'learning', 'issues', 'solutions', 'need', 'factors', 'impact', 'intelligence', 'machine', 'equipment', 'problems', 'development', 'practice']
[2025-07-27 18:34:34] [DEBUG] [Simpleneo4jKB.py:70] Extracted entities from 'Good | 8. Understand professional and ethical resp...': ['individual', 'teams', 'very good', 'responsibility', 'member', 'leader', 'form']
[2025-07-27 18:34:34] [DEBUG] [Simpleneo4jKB.py:70] Extracted entities from '11. Acquired project management and finance skills...': ['world', 'software', 'learning', 'artificial intelligence & machine learning', 'intelligence', 'machine', 'budgeting', 'very good', 'problem', 'life', 'programming', 'allocation', 'project', 'resource', 'finance', 'skills', 'projects', 'artificial', 'principles', 'adept', 'problems', 'development', 'management']
[2025-07-27 18:34:34] [DEBUG] [Simpleneo4jKB.py:70] Extracted entities from '& Machine Learning principles.: Very  Good | 15. P...': ['very good', 'computer', 'learning', 'technologies', 'system', 'principles', 'machine', 'computing', 'resources']
[2025-07-27 18:34:35] [DEBUG] [Simpleneo4jKB.py:70] Extracted entities from 'Timestamp: 10/26/2024 11:28:25 | Email Address: ku...': ['kumar', 'engineering', 'omprakash', 'student', 'usn', 'knowledge', 'email', 'very good', 'solutions', 'mathematics', 'aiml', 'address', 'branch', 'health', 'science', 'email address', 'factors', 'excellent', 'problems', 'safety', 'systems', 'computer', 'timestamp']
[2025-07-27 18:34:35] [DEBUG] [Simpleneo4jKB.py:70] Extracted entities from 'environmental factors.: Very Good | 4. Capable of ...': ['society', 'very good', 'investigations', 'software', 'engineering', 'learning', 'issues', 'solutions', 'need', 'factors', 'impact', 'intelligence', 'machine', 'equipment', 'problems', 'development', 'practice']
[2025-07-27 18:34:35] [DEBUG] [Simpleneo4jKB.py:70] Extracted entities from 'Very Good | 8. Understand professional and ethical...': ['individual', 'teams', 'very good', 'responsibility', 'member', 'leader', 'form']
[2025-07-27 18:34:35] [DEBUG] [Simpleneo4jKB.py:70] Extracted entities from '11. Acquired project management and finance skills...': ['world', 'software', 'learning', 'artificial intelligence & machine learning', 'intelligence', 'machine', 'budgeting', 'very good', 'problem', 'life', 'programming', 'allocation', 'project', 'resource', 'finance', 'skills', 'projects', 'artificial', 'principles', 'adept', 'problems', 'development', 'management']
[2025-07-27 18:34:36] [DEBUG] [Simpleneo4jKB.py:70] Extracted entities from '& Machine Learning principles.: Very  Good | 15. P...': ['computer', 'learning', 'technologies', 'system', 'principles', 'machine', 'computing', 'resources']
[2025-07-27 18:34:36] [DEBUG] [Simpleneo4jKB.py:70] Extracted entities from 'Timestamp: 10/26/2024 11:28:51 | Email Address: an...': ['engineering', 'student', 'usn', 'knowledge', 'email', 'bhambore', 'very good', 'solutions', 'mathematics', 'aiml', 'address', 'anusha bhambore  | 1', 'branch', 'health', 'science', 'email address', 'factors', 'excellent', 'problems', 'safety', 'systems', 'computer', 'anusha', 'timestamp']
[2025-07-27 18:34:36] [DEBUG] [Simpleneo4jKB.py:70] Extracted entities from 'environmental factors.: Excellent | 4. Capable of ...': ['society', 'investigations', 'software', 'engineering', 'solutions', 'learning', 'issues', 'need', 'factors', 'excellent', 'impact', 'intelligence', 'machine', 'equipment', 'problems', 'development', 'practice']
[2025-07-27 18:34:36] [DEBUG] [Simpleneo4jKB.py:70] Extracted entities from 'Excellent | 8. Understand professional and ethical...': ['individual', 'teams', 'responsibility', 'member', 'excellent', 'leader', 'form']
[2025-07-27 18:34:37] [DEBUG] [Simpleneo4jKB.py:70] Extracted entities from '11. Acquired project management and finance skills...': ['world', 'software', 'learning', 'artificial intelligence & machine learning', 'intelligence', 'machine', 'budgeting', 'problem', 'life', 'programming', 'allocation', 'project', 'resource', 'finance', 'excellent', 'skills', 'projects', 'artificial', 'principles', 'adept', 'problems', 'development', 'management']
[2025-07-27 18:34:37] [DEBUG] [Simpleneo4jKB.py:70] Extracted entities from '& Machine Learning principles.: Very  Good | 15. P...': ['very good', 'computer', 'learning', 'technologies', 'system', 'principles', 'machine', 'computing', 'resources']
[2025-07-27 18:34:37] [DEBUG] [Simpleneo4jKB.py:70] Extracted entities from 'Timestamp: 10/26/2024 11:30:34 | Email Address: 20...': ['engineering', 'student', 'usn', 'knowledge', 'email', 'rakshit', 'very good', 'solutions', 'mathematics', 'aiml', 'address', 'branch', 'health', 'science', 'email address', 'factors', 'halijol', 'problems', 'safety', 'systems', 'computer', 'timestamp']
[2025-07-27 18:34:37] [DEBUG] [Simpleneo4jKB.py:70] Extracted entities from 'environmental factors.: Very Good | 4. Capable of ...': ['society', 'very good', 'investigations', 'software', 'engineering', 'learning', 'issues', 'solutions', 'need', 'factors', 'impact', 'intelligence', 'machine', 'equipment', 'problems', 'development', 'practice']
[2025-07-27 18:34:38] [DEBUG] [Simpleneo4jKB.py:70] Extracted entities from 'Very Good | 8. Understand professional and ethical...': ['individual', 'teams', 'very good', 'responsibility', 'member', 'leader', 'form']
[2025-07-27 18:34:38] [DEBUG] [Simpleneo4jKB.py:70] Extracted entities from '11. Acquired project management and finance skills...': ['world', 'software', 'learning', 'artificial intelligence & machine learning', 'intelligence', 'machine', 'budgeting', 'very good', 'problem', 'life', 'programming', 'allocation', 'project', 'resource', 'finance', 'skills', 'projects', 'artificial', 'principles', 'adept', 'problems', 'development', 'management']
[2025-07-27 18:34:38] [DEBUG] [Simpleneo4jKB.py:70] Extracted entities from '& Machine Learning principles.: Very  Good | 15. P...': ['very good', 'computer', 'learning', 'technologies', 'system', 'principles', 'machine', 'computing', 'resources']
[2025-07-27 18:34:38] [DEBUG] [Simpleneo4jKB.py:70] Extracted entities from 'Timestamp: 10/26/2024 11:31:45 | Email Address: 20...': ['engineering', 'student', 'usn', 'ashif', 'knowledge', 'email', 'very good', 'solutions', 'mathematics', 'aiml', 'address', 'branch', 'health', 'science', 'email address', 'factors', 'excellent', 'alam', 'problems', 'safety', 'systems', 'computer', 'timestamp']
[2025-07-27 18:34:39] [DEBUG] [Simpleneo4jKB.py:70] Extracted entities from 'factors.: Very Good | 4. Capable of conducting inv...': ['society', 'very good', 'investigations', 'software', 'engineering', 'learning', 'issues', 'solutions', 'need', 'factors', 'excellent', 'impact', 'intelligence', 'machine', 'equipment', 'problems', 'development', 'practice']
[2025-07-27 18:34:39] [DEBUG] [Simpleneo4jKB.py:70] Extracted entities from 'Good | 8. Understand professional and ethical resp...': ['individual', 'teams', 'responsibility', 'member', 'excellent', 'leader', 'form']
[2025-07-27 18:34:39] [DEBUG] [Simpleneo4jKB.py:70] Extracted entities from '11. Acquired project management and finance skills...': ['world', 'software', 'learning', 'artificial intelligence & machine learning', 'intelligence', 'machine', 'budgeting', 'problem', 'life', 'programming', 'allocation', 'project', 'resource', 'finance', 'excellent', 'skills', 'projects', 'artificial', 'principles', 'adept', 'problems', 'development', 'management']
[2025-07-27 18:34:39] [DEBUG] [Simpleneo4jKB.py:70] Extracted entities from '& Machine Learning principles.: Excellent | 15. Pr...': ['computer', 'learning', 'technologies', 'excellent', 'system', 'principles', 'machine', 'computing', 'resources']
[2025-07-27 18:34:39] [DEBUG] [Simpleneo4jKB.py:70] Extracted entities from 'Timestamp: 10/26/2024 11:31:55 | Email Address: 1d...': ['engineering', 'student', 'usn', 'knowledge', 'email', 'very good', 'solutions', 'mathematics', 'aiml', 'address', 'branch', 'health', 'science', 'email address', 'factors', 'peeyush', 'gaur', 'problems', 'safety', 'systems', 'computer', 'timestamp']
[2025-07-27 18:34:40] [DEBUG] [Simpleneo4jKB.py:70] Extracted entities from 'factors.: Very Good | 4. Capable of conducting inv...': ['society', 'very good', 'investigations', 'software', 'engineering', 'learning', 'issues', 'solutions', 'need', 'factors', 'impact', 'intelligence', 'machine', 'equipment', 'problems', 'development', 'practice']
[2025-07-27 18:34:40] [DEBUG] [Simpleneo4jKB.py:70] Extracted entities from 'Good | 8. Understand professional and ethical resp...': ['individual', 'teams', 'very good', 'responsibility', 'member', 'leader', 'form']
[2025-07-27 18:34:40] [DEBUG] [Simpleneo4jKB.py:70] Extracted entities from '11. Acquired project management and finance skills...': ['world', 'software', 'learning', 'artificial intelligence & machine learning', 'intelligence', 'machine', 'budgeting', 'very good', 'problem', 'life', 'programming', 'allocation', 'project', 'resource', 'finance', 'skills', 'projects', 'artificial', 'principles', 'adept', 'problems', 'development', 'management']
[2025-07-27 18:34:40] [DEBUG] [Simpleneo4jKB.py:70] Extracted entities from '& Machine Learning principles.: Very  Good | 15. P...': ['very good', 'computer', 'learning', 'technologies', 'system', 'principles', 'machine', 'computing', 'resources']
[2025-07-27 18:34:41] [DEBUG] [Simpleneo4jKB.py:70] Extracted entities from 'Timestamp: 10/26/2024 11:32:03 | Email Address: pu...': ['engineering', 'student', 'usn', 'knowledge', 'email', 'solutions', 'mathematics', 'aiml', 'address', 'branch', 'health', 'science', 'factors', 'excellent', 'problems', 'safety', 'systems', 'puneeth', 'computer', 'timestamp']
[2025-07-27 18:34:41] [DEBUG] [Simpleneo4jKB.py:70] Extracted entities from 'factors.: Excellent | 4. Capable of conducting inv...': ['society', 'investigations', 'software', 'engineering', 'solutions', 'learning', 'issues', 'need', 'factors', 'excellent', 'impact', 'intelligence', 'machine', 'equipment', 'problems', 'development', 'practice']
[2025-07-27 18:34:41] [DEBUG] [Simpleneo4jKB.py:70] Extracted entities from '| 8. Understand professional and ethical responsib...': ['individual', 'teams', 'responsibility', 'member', 'excellent', 'leader', 'form']
[2025-07-27 18:34:41] [DEBUG] [Simpleneo4jKB.py:70] Extracted entities from '11. Acquired project management and finance skills...': ['world', 'software', 'learning', 'artificial intelligence & machine learning', 'intelligence', 'machine', 'budgeting', 'problem', 'life', 'programming', 'allocation', 'project', 'resource', 'finance', 'excellent', 'skills', 'projects', 'artificial', 'principles', 'adept', 'problems', 'development', 'management']
[2025-07-27 18:34:42] [DEBUG] [Simpleneo4jKB.py:70] Extracted entities from '& Machine Learning principles.: Excellent | 15. Pr...': ['computer', 'learning', 'technologies', 'excellent', 'system', 'principles', 'machine', 'computing', 'resources']
[2025-07-27 18:34:42] [DEBUG] [Simpleneo4jKB.py:70] Extracted entities from 'Timestamp: 10/26/2024 11:32:06 | Email Address: 20...': ['engineering', 'student', 'usn', 'knowledge', 'email', 'solutions', 'mathematics', 'aiml', 'address', 'branch', 'health', 'shreyas', 'science', 'email address', 'factors', 'excellent', 'problems', 'safety', 'systems', 'computer', 'timestamp']
[2025-07-27 18:34:42] [DEBUG] [Simpleneo4jKB.py:70] Extracted entities from 'factors.: Excellent | 4. Capable of conducting inv...': ['society', 'investigations', 'software', 'engineering', 'solutions', 'learning', 'issues', 'need', 'factors', 'excellent', 'impact', 'intelligence', 'machine', 'equipment', 'problems', 'development', 'practice']
[2025-07-27 18:34:42] [DEBUG] [Simpleneo4jKB.py:70] Extracted entities from '| 8. Understand professional and ethical responsib...': ['individual', 'teams', 'responsibility', 'member', 'excellent', 'leader', 'form']
[2025-07-27 18:34:42] [DEBUG] [Simpleneo4jKB.py:70] Extracted entities from '11. Acquired project management and finance skills...': ['world', 'software', 'learning', 'artificial intelligence & machine learning', 'intelligence', 'machine', 'budgeting', 'problem', 'life', 'programming', 'allocation', 'project', 'resource', 'finance', 'excellent', 'skills', 'projects', 'artificial', 'principles', 'adept', 'problems', 'development', 'management']
[2025-07-27 18:34:43] [DEBUG] [Simpleneo4jKB.py:70] Extracted entities from '& Machine Learning principles.: Excellent | 15. Pr...': ['computer', 'learning', 'technologies', 'excellent', 'system', 'principles', 'machine', 'computing', 'resources']
[2025-07-27 18:34:43] [DEBUG] [Simpleneo4jKB.py:70] Extracted entities from 'Timestamp: 10/26/2024 11:32:13 | Email Address: ma...': ['engineering', 'bukapindi', 'student', 'usn', 'knowledge', 'email', 'very good', 'solutions', 'manikanta', 'mathematics', 'aiml', 'address', 'branch', 'student name', 'health', 'science', 'email address', 'factors', 'problems', 'safety', 'systems', 'computer', 'timestamp']
[2025-07-27 18:34:43] [DEBUG] [Simpleneo4jKB.py:70] Extracted entities from 'environmental factors.: Very Good | 4. Capable of ...': ['society', 'very good', 'investigations', 'software', 'engineering', 'learning', 'issues', 'solutions', 'need', 'factors', 'impact', 'intelligence', 'machine', 'equipment', 'problems', 'development', 'practice']
[2025-07-27 18:34:43] [DEBUG] [Simpleneo4jKB.py:70] Extracted entities from 'Good | 8. Understand professional and ethical resp...': ['individual', 'teams', 'very good', 'responsibility', 'member', 'leader', 'form']
[2025-07-27 18:34:43] [DEBUG] [Simpleneo4jKB.py:70] Extracted entities from '11. Acquired project management and finance skills...': ['world', 'software', 'learning', 'artificial intelligence & machine learning', 'intelligence', 'machine', 'budgeting', 'very good', 'problem', 'life', 'programming', 'allocation', 'project', 'resource', 'finance', 'skills', 'projects', 'artificial', 'principles', 'adept', 'problems', 'development', 'management']
[2025-07-27 18:34:44] [DEBUG] [Simpleneo4jKB.py:70] Extracted entities from 'Learning principles.: Good | 15. Proficient in eff...': ['computer', 'system', 'principles', 'technologies', 'computing', 'resources']
[2025-07-27 18:34:44] [DEBUG] [Simpleneo4jKB.py:70] Extracted entities from 'Timestamp: 10/26/2024 11:33:58 | Email Address: 20...': ['engineering', 'student', 'usn', 'knowledge', 'email', 'very good', 'solutions', 'guru', 'mathematics', 'aiml', 'address', 'branch', 'guru akhil', 'health', 'science', 'email address', 'factors', 'akhil', 'problems', 'safety', 'systems', 'computer', 'timestamp']
[2025-07-27 18:34:44] [DEBUG] [Simpleneo4jKB.py:70] Extracted entities from 'factors.: Good | 4. Capable of conducting investig...': ['software', 'engineering', 'learning', 'issues', 'impact', 'intelligence', 'machine', 'very good', 'investigations', 'responsibility', 'solutions', 'practice', 'society', 'factors', 'excellent', 'equipment', 'problems', 'development', 'need']
[2025-07-27 18:34:44] [DEBUG] [Simpleneo4jKB.py:70] Extracted entities from 'professional and ethical responsibility.: Excellen...': ['individual', 'teams', 'very good', 'responsibility', 'member', 'excellent', 'professional and ethical', 'leader', 'form']
[2025-07-27 18:34:44] [DEBUG] [Simpleneo4jKB.py:70] Extracted entities from '11. Acquired project management and finance skills...': ['world', 'software', 'learning', 'artificial intelligence & machine learning', 'intelligence', 'machine', 'budgeting', 'very good', 'problem', 'life', 'programming', 'allocation', 'project', 'resource', 'finance', 'skills', 'projects', 'artificial', 'principles', 'adept', 'problems', 'development', 'management']
[2025-07-27 18:34:45] [DEBUG] [Simpleneo4jKB.py:70] Extracted entities from 'Learning principles.: Good | 15. Proficient in eff...': ['very good', 'computer', 'system', 'principles', 'technologies', 'computing', 'resources']
[2025-07-27 18:34:45] [DEBUG] [Simpleneo4jKB.py:70] Extracted entities from 'Timestamp: 10/26/2024 11:34:38 | Email Address: rr...': ['engineering', 'student', 'usn', 'knowledge', 'email', 'very good', 'solutions', 'mathematics', 'aiml', 'address', 'branch', 'health', 'science', 'email address', 'ramesh', 'factors', 'yaragatti', 'problems', 'safety', 'systems', 'computer', 'timestamp', 'rahul']
[2025-07-27 18:34:45] [DEBUG] [Simpleneo4jKB.py:70] Extracted entities from 'environmental factors.: Very Good | 4. Capable of ...': ['society', 'very good', 'investigations', 'software', 'engineering', 'learning', 'issues', 'solutions', 'need', 'factors', 'impact', 'intelligence', 'machine', 'equipment', 'problems', 'development', 'practice']
[2025-07-27 18:34:45] [DEBUG] [Simpleneo4jKB.py:70] Extracted entities from 'Good | 8. Understand professional and ethical resp...': ['individual', 'teams', 'very good', 'responsibility', 'member', 'leader', 'form']
[2025-07-27 18:34:46] [DEBUG] [Simpleneo4jKB.py:70] Extracted entities from '11. Acquired project management and finance skills...': ['world', 'software', 'learning', 'artificial intelligence & machine learning', 'intelligence', 'machine', 'budgeting', 'very good', 'problem', 'life', 'programming', 'allocation', 'project', 'resource', 'finance', 'skills', 'projects', 'artificial', 'principles', 'adept', 'problems', 'development', 'management']
[2025-07-27 18:34:46] [DEBUG] [Simpleneo4jKB.py:70] Extracted entities from 'Learning principles.: Good | 15. Proficient in eff...': ['very good', 'computer', 'system', 'principles', 'technologies', 'computing', 'resources']
[2025-07-27 18:34:46] [DEBUG] [Simpleneo4jKB.py:70] Extracted entities from 'Timestamp: 10/26/2024 11:35:26 | Email Address: ch...': ['engineering', 'student', 'usn', 'knowledge', 'email', 'solutions', 'mathematics', 'aiml', 'address', 'naganoshith', 'branch', 'health', 'science', 'email address', 'factors', 'excellent', 'problems', 'safety', 'systems', 'computer', 'timestamp']
[2025-07-27 18:34:46] [DEBUG] [Simpleneo4jKB.py:70] Extracted entities from 'factors.: Excellent | 4. Capable of conducting inv...': ['society', 'investigations', 'software', 'engineering', 'solutions', 'learning', 'issues', 'need', 'factors', 'excellent', 'impact', 'intelligence', 'machine', 'equipment', 'problems', 'development', 'practice']
[2025-07-27 18:34:47] [DEBUG] [Simpleneo4jKB.py:70] Extracted entities from '| 8. Understand professional and ethical responsib...': ['individual', 'teams', 'responsibility', 'member', 'excellent', 'leader', 'form']
[2025-07-27 18:34:47] [DEBUG] [Simpleneo4jKB.py:70] Extracted entities from '11. Acquired project management and finance skills...': ['world', 'software', 'learning', 'artificial intelligence & machine learning', 'intelligence', 'machine', 'budgeting', 'problem', 'life', 'programming', 'allocation', 'project', 'resource', 'finance', 'excellent', 'skills', 'projects', 'artificial', 'principles', 'adept', 'problems', 'development', 'management']
[2025-07-27 18:34:47] [DEBUG] [Simpleneo4jKB.py:70] Extracted entities from '& Machine Learning principles.: Excellent | 15. Pr...': ['computer', 'learning', 'technologies', 'excellent', 'system', 'principles', 'machine', 'computing', 'resources']
[2025-07-27 18:34:47] [DEBUG] [Simpleneo4jKB.py:70] Extracted entities from 'Timestamp: 10/26/2024 11:36:35 | Email Address: gs...': ['engineering', 'student', 'usn', 'knowledge', 'email', 'solutions', 'mathematics', 'aiml', 'address', 'branch', 'health', 'science', 'email address', 'factors', 'excellent', 'somana', 'problems', 'gouda', 'safety', 'systems', 'computer', 'timestamp', 'somana gouda']
[2025-07-27 18:34:47] [DEBUG] [Simpleneo4jKB.py:70] Extracted entities from 'factors.: Excellent | 4. Capable of conducting inv...': ['society', 'investigations', 'software', 'engineering', 'solutions', 'learning', 'issues', 'need', 'factors', 'excellent', 'impact', 'intelligence', 'machine', 'equipment', 'problems', 'development', 'practice']
[2025-07-27 18:34:48] [DEBUG] [Simpleneo4jKB.py:70] Extracted entities from '| 8. Understand professional and ethical responsib...': ['individual', 'teams', 'responsibility', 'member', 'excellent', 'leader', 'form']
[2025-07-27 18:34:48] [DEBUG] [Simpleneo4jKB.py:70] Extracted entities from '11. Acquired project management and finance skills...': ['world', 'software', 'learning', 'artificial intelligence & machine learning', 'intelligence', 'machine', 'budgeting', 'problem', 'life', 'programming', 'allocation', 'project', 'resource', 'finance', 'excellent', 'skills', 'projects', 'artificial', 'principles', 'adept', 'problems', 'development', 'management']
[2025-07-27 18:34:47] [DEBUG] [Simpleneo4jKB.py:70] Extracted entities from '& Machine Learning principles.: Excellent | 15. Pr...': ['computer', 'learning', 'technologies', 'excellent', 'system', 'principles', 'machine', 'computing', 'resources']
[2025-07-27 18:34:47] [DEBUG] [Simpleneo4jKB.py:70] Extracted entities from 'Timestamp: 10/26/2024 11:36:41 | Email Address: ne...': ['engineering', 'student', 'usn', 'knowledge', 'email', 'neeraj', 'very good', 'solutions', 'mathematics', 'aiml', 'address', 'neeraj kalantri', 'branch', 'health', 'science', 'factors', 'problems', 'safety', 'systems', 'computer', 'timestamp', 'kalantri']
[2025-07-27 18:34:47] [DEBUG] [Simpleneo4jKB.py:70] Extracted entities from 'environmental factors.: Very Good | 4. Capable of ...': ['society', 'very good', 'investigations', 'software', 'engineering', 'learning', 'issues', 'solutions', 'need', 'factors', 'excellent', 'impact', 'intelligence', 'machine', 'equipment', 'problems', 'development', 'practice']
[2025-07-27 18:34:47] [DEBUG] [Simpleneo4jKB.py:70] Extracted entities from 'Good | 8. Understand professional and ethical resp...': ['individual', 'teams', 'very good', 'responsibility', 'member', 'excellent', 'leader', 'form']
[2025-07-27 18:34:47] [DEBUG] [Simpleneo4jKB.py:70] Extracted entities from '11. Acquired project management and finance skills...': ['world', 'software', 'learning', 'artificial intelligence & machine learning', 'intelligence', 'machine', 'budgeting', 'very good', 'problem', 'life', 'programming', 'allocation', 'project', 'resource', 'finance', 'excellent', 'skills', 'projects', 'artificial', 'principles', 'adept', 'problems', 'development', 'management']
[2025-07-27 18:34:48] [DEBUG] [Simpleneo4jKB.py:70] Extracted entities from '& Machine Learning principles.: Very  Good | 15. P...': ['very good', 'computer', 'learning', 'technologies', 'system', 'principles', 'machine', 'computing', 'resources']
[2025-07-27 18:34:48] [DEBUG] [Simpleneo4jKB.py:70] Extracted entities from 'Timestamp: 10/26/2024 11:41:32 | Email Address: aa...': ['engineering', 'student', 'usn', 'knowledge', 'email', 'very good', 'solutions', 'mathematics', 'aiml', 'address', 'anukalp', 'branch', 'health', 'science', 'email address', 'factors', 'problems', 'safety', 'systems', 'jain', 'computer', 'anukalp jain', 'timestamp']
[2025-07-27 18:34:48] [DEBUG] [Simpleneo4jKB.py:70] Extracted entities from 'factors.: Very Good | 4. Capable of conducting inv...': ['software', 'engineering', 'learning', 'issues', 'impact', 'intelligence', 'machine', 'very good', 'investigations', 'responsibility', 'solutions', 'practice', 'society', 'factors', 'excellent', 'equipment', 'problems', 'development', 'need']
[2025-07-27 18:34:48] [DEBUG] [Simpleneo4jKB.py:70] Extracted entities from 'professional and ethical responsibility.: Very Goo...': ['individual', 'teams', 'very good', 'responsibility', 'member', 'excellent', 'professional and ethical', 'leader', 'form']
[2025-07-27 18:34:49] [DEBUG] [Simpleneo4jKB.py:70] Extracted entities from '11. Acquired project management and finance skills...': ['world', 'software', 'learning', 'artificial intelligence & machine learning', 'intelligence', 'machine', 'budgeting', 'very good', 'problem', 'life', 'programming', 'allocation', 'project', 'resource', 'finance', 'excellent', 'skills', 'projects', 'artificial', 'principles', 'adept', 'problems', 'development', 'management']
[2025-07-27 18:34:49] [DEBUG] [Simpleneo4jKB.py:70] Extracted entities from '& Machine Learning principles.: Very  Good | 15. P...': ['very good', 'computer', 'learning', 'technologies', 'system', 'principles', 'machine', 'computing', 'resources']
[2025-07-27 18:34:49] [DEBUG] [Simpleneo4jKB.py:70] Extracted entities from 'Timestamp: 10/26/2024 11:44:35 | Email Address: 1d...': ['engineering', 'student', 'usn', 'knowledge', 'email', 'solutions', 'mathematics', 'aiml', 'address', 'branch', 'student name', 'health', 'science', 'email address', 'factors', 'yeshwanth', 'problems', 'safety', 'systems', 'computer', 'timestamp']
[2025-07-27 18:34:49] [DEBUG] [Simpleneo4jKB.py:70] Extracted entities from 'factors.: Good | 4. Capable of conducting investig...': ['society', 'investigations', 'software', 'engineering', 'solutions', 'learning', 'issues', 'need', 'responsibility', 'factors', 'impact', 'intelligence', 'machine', 'equipment', 'problems', 'development', 'practice']
[2025-07-27 18:34:50] [DEBUG] [Simpleneo4jKB.py:70] Extracted entities from 'and ethical responsibility.: Good | 9. Able to fun...': ['individual', 'teams', 'responsibility', 'member', 'leader', 'form']
[2025-07-27 18:34:50] [DEBUG] [Simpleneo4jKB.py:70] Extracted entities from '11. Acquired project management and finance skills...': ['world', 'software', 'learning', 'artificial intelligence & machine learning', 'intelligence', 'machine', 'budgeting', 'problem', 'life', 'programming', 'allocation', 'project', 'resource', 'finance', 'skills', 'projects', 'artificial', 'principles', 'adept', 'problems', 'development', 'management']
[2025-07-27 18:34:50] [DEBUG] [Simpleneo4jKB.py:70] Extracted entities from 'principles.: Good | 15. Proficient in efficiently ...': ['computer', 'system', 'principles', 'technologies', 'computing', 'resources']
[2025-07-27 18:34:50] [DEBUG] [Simpleneo4jKB.py:70] Extracted entities from 'Timestamp: 10/26/2024 11:50:29 | Email Address: ab...': ['engineering', 'student', 'usn', 'knowledge', 'email', 'very good', 'solutions', 'mathematics', 'aiml', 'address', 'branch', 'student name', 'health', 'science', 'email address', 'factors', 'problems', 'safety', 'systems', 'computer', 'abhishek', 'timestamp']
[2025-07-27 18:34:51] [DEBUG] [Simpleneo4jKB.py:70] Extracted entities from 'environmental factors.: Very Good | 4. Capable of ...': ['society', 'very good', 'investigations', 'software', 'engineering', 'learning', 'issues', 'solutions', 'need', 'factors', 'impact', 'intelligence', 'machine', 'equipment', 'problems', 'development', 'practice']
[2025-07-27 18:34:51] [DEBUG] [Simpleneo4jKB.py:70] Extracted entities from 'Very Good | 8. Understand professional and ethical...': ['individual', 'teams', 'very good', 'responsibility', 'member', 'leader', 'form']
[2025-07-27 18:34:51] [DEBUG] [Simpleneo4jKB.py:70] Extracted entities from '11. Acquired project management and finance skills...': ['world', 'software', 'learning', 'artificial intelligence & machine learning', 'intelligence', 'machine', 'budgeting', 'very good', 'problem', 'life', 'programming', 'allocation', 'project', 'resource', 'finance', 'skills', 'projects', 'artificial', 'principles', 'adept', 'problems', 'development', 'management']
[2025-07-27 18:34:51] [DEBUG] [Simpleneo4jKB.py:70] Extracted entities from '& Machine Learning principles.: Very  Good | 15. P...': ['very good', 'computer', 'learning', 'technologies', 'system', 'principles', 'machine', 'computing', 'resources']
[2025-07-27 18:34:52] [DEBUG] [Simpleneo4jKB.py:70] Extracted entities from 'Timestamp: 10/26/2024 12:11:18 | Email Address: ab...': ['engineering', 'student', 'usn', 'abdur rahman', 'knowledge', 'email', 'rahman', 'solutions', 'mathematics', 'aiml', 'address', 'branch', 'health', 'science', 'abdur', 'email address', 'factors', 'excellent', 'problems', 'safety', 'systems', 'computer', 'timestamp']
[2025-07-27 18:34:52] [DEBUG] [Simpleneo4jKB.py:70] Extracted entities from 'environmental factors.: Excellent | 4. Capable of ...': ['society', 'investigations', 'software', 'engineering', 'solutions', 'learning', 'issues', 'need', 'factors', 'excellent', 'impact', 'intelligence', 'machine', 'equipment', 'problems', 'development', 'practice']
[2025-07-27 18:34:52] [DEBUG] [Simpleneo4jKB.py:70] Extracted entities from 'Excellent | 8. Understand professional and ethical...': ['individual', 'teams', 'responsibility', 'member', 'excellent', 'leader', 'form']
[2025-07-27 18:34:52] [DEBUG] [Simpleneo4jKB.py:70] Extracted entities from '11. Acquired project management and finance skills...': ['world', 'software', 'learning', 'artificial intelligence & machine learning', 'intelligence', 'machine', 'budgeting', 'problem', 'life', 'programming', 'allocation', 'project', 'resource', 'finance', 'excellent', 'skills', 'projects', 'artificial', 'principles', 'adept', 'problems', 'development', 'management']
[2025-07-27 18:34:52] [DEBUG] [Simpleneo4jKB.py:70] Extracted entities from '& Machine Learning principles.: Excellent | 15. Pr...': ['computer', 'learning', 'technologies', 'excellent', 'system', 'principles', 'machine', 'computing', 'resources']
[2025-07-27 18:34:52] [DEBUG] [Simpleneo4jKB.py:70] Extracted entities from 'Timestamp: 10/26/2024 12:26:16 | Email Address: vk...': ['kshitij', 'engineering', 'student', 'usn', 'knowledge', 'email', 'investigations', 'solutions', 'mathematics', 'aiml', 'address', 'branch', 'health', 'science', 'email address', 'verma', 'factors', 'problems', 'safety', 'systems', 'computer', 'timestamp', 'kshitij verma  | 1']
[2025-07-27 18:34:53] [DEBUG] [Simpleneo4jKB.py:70] Extracted entities from 'Good | 4. Capable of conducting investigations int...': ['society', 'very good', 'investigations', 'software', 'engineering', 'learning', 'issues', 'solutions', 'need', 'responsibility', 'impact', 'intelligence', 'machine', 'equipment', 'problems', 'development', 'practice']
[2025-07-27 18:34:53] [DEBUG] [Simpleneo4jKB.py:70] Extracted entities from 'ethical responsibility.: Very Good | 9. Able to fu...': ['individual', 'teams', 'very good', 'responsibility', 'member', 'leader', 'form']
[2025-07-27 18:34:53] [DEBUG] [Simpleneo4jKB.py:70] Extracted entities from '11. Acquired project management and finance skills...': ['world', 'software', 'learning', 'artificial intelligence & machine learning', 'intelligence', 'machine', 'budgeting', 'problem', 'life', 'programming', 'allocation', 'project', 'resource', 'finance', 'skills', 'projects', 'artificial', 'principles', 'adept', 'problems', 'development', 'management']
[2025-07-27 18:34:53] [DEBUG] [Simpleneo4jKB.py:70] Extracted entities from 'principles.: Good | 15. Proficient in efficiently ...': ['computer', 'system', 'principles', 'technologies', 'computing', 'resources']
[2025-07-27 18:34:53] [DEBUG] [Simpleneo4jKB.py:70] Extracted entities from 'Timestamp: 10/26/2024 12:47:05 | Email Address: ma...': ['engineering', 'student', 'usn', 'knowledge', 'email', 'karim', 'very good', 'solutions', 'maaz', 'mathematics', 'aiml', 'address', 'branch', 'health', 'science', 'email address', 'factors', 'excellent', 'problems', 'safety', 'systems', 'computer', 'timestamp']
[2025-07-27 18:34:53] [DEBUG] [Simpleneo4jKB.py:70] Extracted entities from 'factors.: Very Good | 4. Capable of conducting inv...': ['society', 'very good', 'investigations', 'software', 'engineering', 'learning', 'issues', 'solutions', 'need', 'factors', 'excellent', 'impact', 'intelligence', 'machine', 'equipment', 'problems', 'development', 'practice']
[2025-07-27 18:34:54] [DEBUG] [Simpleneo4jKB.py:70] Extracted entities from '| 8. Understand professional and ethical responsib...': ['individual', 'teams', 'responsibility', 'member', 'excellent', 'leader', 'form']
[2025-07-27 18:34:54] [DEBUG] [Simpleneo4jKB.py:70] Extracted entities from '11. Acquired project management and finance skills...': ['world', 'software', 'learning', 'artificial intelligence & machine learning', 'intelligence', 'machine', 'budgeting', 'problem', 'life', 'programming', 'allocation', 'project', 'resource', 'finance', 'excellent', 'skills', 'projects', 'artificial', 'principles', 'adept', 'problems', 'development', 'management']
[2025-07-27 18:34:54] [DEBUG] [Simpleneo4jKB.py:70] Extracted entities from '& Machine Learning principles.: Excellent | 15. Pr...': ['computer', 'learning', 'technologies', 'excellent', 'system', 'principles', 'machine', 'computing', 'resources']
[2025-07-27 18:34:54] [DEBUG] [Simpleneo4jKB.py:70] Extracted entities from 'Timestamp: 10/26/2024 12:54:34 | Email Address: ak...': ['akanksha bansal', 'engineering', 'bansal', 'student', 'usn', 'knowledge', 'email', 'satisfactory', 'solutions', 'mathematics', 'aiml', 'address', 'branch', 'health', 'science', 'akanksha', 'email address', 'factors', 'problems', 'safety', 'systems', 'computer', 'timestamp']
[2025-07-27 18:34:54] [DEBUG] [Simpleneo4jKB.py:70] Extracted entities from 'and environmental factors.: Satisfactory | 4. Capa...': ['society', 'investigations', 'software', 'engineering', 'solutions', 'learning', 'issues', 'need', 'factors', 'impact', 'intelligence', 'machine', 'equipment', 'problems', 'development', 'practice']
[2025-07-27 18:34:54] [DEBUG] [Simpleneo4jKB.py:70] Extracted entities from 'development.: Satisfactory | 8. Understand profess...': ['individual', 'teams', 'responsibility', 'member', 'leader', 'development', 'form']
[2025-07-27 18:34:54] [DEBUG] [Simpleneo4jKB.py:70] Extracted entities from '11. Acquired project management and finance skills...': ['world', 'software', 'learning', 'artificial intelligence & machine learning', 'intelligence', 'machine', 'budgeting', 'problem', 'life', 'programming', 'allocation', 'project', 'resource', 'finance', 'skills', 'projects', 'artificial', 'principles', 'adept', 'problems', 'development', 'management']
[2025-07-27 18:34:55] [DEBUG] [Simpleneo4jKB.py:70] Extracted entities from '& Machine Learning principles.: Satisfactory | 15....': ['computer', 'learning', 'technologies', 'system', 'principles', 'machine', 'computing', 'resources']
[2025-07-27 18:34:55] [DEBUG] [Simpleneo4jKB.py:70] Extracted entities from 'Timestamp: 10/26/2024 13:07:49 | Email Address: ka...': ['engineering', 'student', 'usn', 'knowledge', 'email', 'very good', 'satisfactory', 'solutions', 'mathematics', 'aiml', 'address', 'karthikkckarthik02@gmail.com', 'karthik', 'branch', 'health', 'science', 'email address', 'factors', 'problems', 'safety', 'systems', 'computer', 'timestamp']
[2025-07-27 18:34:55] [DEBUG] [Simpleneo4jKB.py:70] Extracted entities from 'environmental factors.: Very Good | 4. Capable of ...': ['society', 'very good', 'investigations', 'software', 'engineering', 'learning', 'issues', 'solutions', 'need', 'factors', 'excellent', 'impact', 'intelligence', 'machine', 'equipment', 'problems', 'development', 'practice']
[2025-07-27 18:34:55] [DEBUG] [Simpleneo4jKB.py:70] Extracted entities from 'Very Good | 8. Understand professional and ethical...': ['individual', 'teams', 'very good', 'responsibility', 'member', 'leader', 'form']
[2025-07-27 18:34:55] [DEBUG] [Simpleneo4jKB.py:70] Extracted entities from '11. Acquired project management and finance skills...': ['world', 'software', 'learning', 'artificial intelligence & machine learning', 'intelligence', 'machine', 'budgeting', 'very good', 'problem', 'life', 'programming', 'allocation', 'project', 'resource', 'finance', 'skills', 'projects', 'artificial', 'principles', 'adept', 'problems', 'development', 'management']
[2025-07-27 18:34:55] [DEBUG] [Simpleneo4jKB.py:70] Extracted entities from 'Learning principles.: Good | 15. Proficient in eff...': ['very good', 'computer', 'system', 'principles', 'technologies', 'computing', 'resources']
[2025-07-27 18:34:55] [DEBUG] [Simpleneo4jKB.py:70] Extracted entities from 'Timestamp: 10/26/2024 13:16:01 | Email Address: ab...': ['engineering', 'student', 'usn', 'knowledge', 'email', 'satisfactory', 'solutions', 'mathematics', 'aiml', 'address', 'branch', 'health', 'science', 'email address', 'factors', 'problems', 'safety', 'systems', 'abhijit', 'computer', 'pattanaik', 'timestamp', 'abhijit pattanaik']
[2025-07-27 18:34:55] [DEBUG] [Simpleneo4jKB.py:70] Extracted entities from 'and environmental factors.: Satisfactory | 4. Capa...': ['society', 'investigations', 'software', 'engineering', 'solutions', 'learning', 'issues', 'need', 'factors', 'impact', 'intelligence', 'machine', 'equipment', 'problems', 'development', 'practice']
[2025-07-27 18:34:55] [DEBUG] [Simpleneo4jKB.py:70] Extracted entities from 'development.: Satisfactory | 8. Understand profess...': ['individual', 'teams', 'responsibility', 'member', 'leader', 'development', 'form']
[2025-07-27 18:34:55] [DEBUG] [Simpleneo4jKB.py:70] Extracted entities from '11. Acquired project management and finance skills...': ['world', 'software', 'learning', 'artificial intelligence & machine learning', 'intelligence', 'machine', 'budgeting', 'problem', 'life', 'programming', 'allocation', 'project', 'resource', 'finance', 'skills', 'projects', 'artificial', 'principles', 'adept', 'problems', 'development', 'management']
[2025-07-27 18:34:56] [DEBUG] [Simpleneo4jKB.py:70] Extracted entities from '& Machine Learning principles.: Satisfactory | 15....': ['computer', 'learning', 'technologies', 'system', 'principles', 'machine', 'computing', 'resources']
[2025-07-27 18:34:56] [DEBUG] [Simpleneo4jKB.py:70] Extracted entities from 'Timestamp: 10/26/2024 13:33:35 | Email Address: de...': ['kumar', 'khetan', 'engineering', 'student', 'usn', 'knowledge', 'email', 'solutions', 'mathematics', 'aiml', 'address', 'branch', 'health', 'science', 'dev kumar', 'email address', 'factors', 'excellent', 'problems', 'safety', 'systems', 'dev', 'computer', 'timestamp']
[2025-07-27 18:34:56] [DEBUG] [Simpleneo4jKB.py:70] Extracted entities from 'factors.: Excellent | 4. Capable of conducting inv...': ['society', 'investigations', 'software', 'engineering', 'solutions', 'learning', 'issues', 'need', 'factors', 'excellent', 'impact', 'intelligence', 'machine', 'equipment', 'problems', 'development', 'practice']
[2025-07-27 18:34:56] [DEBUG] [Simpleneo4jKB.py:70] Extracted entities from '| 8. Understand professional and ethical responsib...': ['individual', 'teams', 'responsibility', 'member', 'excellent', 'leader', 'form']
[2025-07-27 18:34:56] [DEBUG] [Simpleneo4jKB.py:70] Extracted entities from '11. Acquired project management and finance skills...': ['world', 'software', 'learning', 'artificial intelligence & machine learning', 'intelligence', 'machine', 'budgeting', 'problem', 'life', 'programming', 'allocation', 'project', 'resource', 'finance', 'excellent', 'skills', 'projects', 'artificial', 'principles', 'adept', 'problems', 'development', 'management']
[2025-07-27 18:34:56] [DEBUG] [Simpleneo4jKB.py:70] Extracted entities from '& Machine Learning principles.: Excellent | 15. Pr...': ['computer', 'learning', 'technologies', 'excellent', 'system', 'principles', 'machine', 'computing', 'resources']
[2025-07-27 18:34:56] [DEBUG] [Simpleneo4jKB.py:70] Extracted entities from 'Timestamp: 10/26/2024 13:35:07 | Email Address: 20...': ['engineering', 'student', 'usn', 'knowledge', 'email', 'solutions', 'singh', 'mathematics', 'aiml', 'address', 'branch', 'health', 'ankur', 'science', 'ankur singh', 'email address', 'factors', 'excellent', 'problems', 'safety', 'systems', 'computer', 'timestamp']
[2025-07-27 18:34:56] [DEBUG] [Simpleneo4jKB.py:70] Extracted entities from 'factors.: Excellent | 4. Capable of conducting inv...': ['society', 'investigations', 'software', 'engineering', 'solutions', 'learning', 'issues', 'need', 'factors', 'excellent', 'impact', 'intelligence', 'machine', 'equipment', 'problems', 'development', 'practice']
[2025-07-27 18:34:57] [DEBUG] [Simpleneo4jKB.py:70] Extracted entities from '| 8. Understand professional and ethical responsib...': ['individual', 'teams', 'responsibility', 'member', 'excellent', 'leader', 'form']
[2025-07-27 18:34:57] [DEBUG] [Simpleneo4jKB.py:70] Extracted entities from '11. Acquired project management and finance skills...': ['world', 'software', 'learning', 'artificial intelligence & machine learning', 'intelligence', 'machine', 'budgeting', 'problem', 'life', 'programming', 'allocation', 'project', 'resource', 'finance', 'excellent', 'skills', 'projects', 'artificial', 'principles', 'adept', 'problems', 'development', 'management']
[2025-07-27 18:34:57] [DEBUG] [Simpleneo4jKB.py:70] Extracted entities from '& Machine Learning principles.: Excellent | 15. Pr...': ['computer', 'learning', 'technologies', 'excellent', 'system', 'principles', 'machine', 'computing', 'resources']
[2025-07-27 18:34:57] [DEBUG] [Simpleneo4jKB.py:70] Extracted entities from 'Timestamp: 10/26/2024 13:40:13 | Email Address: 20...': ['engineering', 'student', 'usn', 'knowledge', 'email', 'solutions', 'mathematics', 'sridaran', 'aiml', 'address', 'branch', 'health', 'science', 'email address', 'rivana sridaran', 'factors', 'excellent', 'problems', 'safety', 'systems', 'computer', 'timestamp', 'rivana']
[2025-07-27 18:34:57] [DEBUG] [Simpleneo4jKB.py:70] Extracted entities from 'environmental factors.: Excellent | 4. Capable of ...': ['society', 'investigations', 'software', 'engineering', 'solutions', 'learning', 'issues', 'need', 'factors', 'excellent', 'impact', 'intelligence', 'machine', 'equipment', 'problems', 'development', 'practice']
[2025-07-27 18:34:57] [DEBUG] [Simpleneo4jKB.py:70] Extracted entities from 'Excellent | 8. Understand professional and ethical...': ['individual', 'teams', 'responsibility', 'member', 'excellent', 'leader', 'form']
[2025-07-27 18:34:57] [DEBUG] [Simpleneo4jKB.py:70] Extracted entities from '11. Acquired project management and finance skills...': ['world', 'software', 'learning', 'artificial intelligence & machine learning', 'intelligence', 'machine', 'budgeting', 'problem', 'life', 'programming', 'allocation', 'project', 'resource', 'finance', 'excellent', 'skills', 'projects', 'artificial', 'principles', 'adept', 'problems', 'development', 'management']
[2025-07-27 18:34:57] [DEBUG] [Simpleneo4jKB.py:70] Extracted entities from '& Machine Learning principles.: Excellent | 15. Pr...': ['computer', 'learning', 'technologies', 'excellent', 'system', 'principles', 'machine', 'computing', 'resources']
[2025-07-27 18:34:57] [DEBUG] [Simpleneo4jKB.py:70] Extracted entities from 'Timestamp: 10/26/2024 13:50:35 | Email Address: li...': ['engineering', 'student', 'usn', 'knowledge', 'email', 'very good', 'solutions', 'mathematics', 'aiml', 'address', 'branch', 'health', 'science', 'email address', 'factors', 'problems', 'safety', 'systems', 'computer', 'likith', 'timestamp']
[2025-07-27 18:34:57] [DEBUG] [Simpleneo4jKB.py:70] Extracted entities from 'factors.: Very Good | 4. Capable of conducting inv...': ['society', 'very good', 'investigations', 'software', 'engineering', 'learning', 'issues', 'solutions', 'need', 'factors', 'excellent', 'impact', 'intelligence', 'machine', 'equipment', 'problems', 'development', 'practice']
[2025-07-27 18:34:58] [DEBUG] [Simpleneo4jKB.py:70] Extracted entities from '| 8. Understand professional and ethical responsib...': ['individual', 'teams', 'responsibility', 'member', 'excellent', 'leader', 'form']
[2025-07-27 18:34:58] [DEBUG] [Simpleneo4jKB.py:70] Extracted entities from '11. Acquired project management and finance skills...': ['world', 'software', 'learning', 'artificial intelligence & machine learning', 'intelligence', 'machine', 'budgeting', 'problem', 'life', 'programming', 'allocation', 'project', 'resource', 'finance', 'excellent', 'skills', 'projects', 'artificial', 'principles', 'adept', 'problems', 'development', 'management']
[2025-07-27 18:34:58] [DEBUG] [Simpleneo4jKB.py:70] Extracted entities from '& Machine Learning principles.: Excellent | 15. Pr...': ['computer', 'learning', 'technologies', 'excellent', 'system', 'principles', 'machine', 'computing', 'resources']
[2025-07-27 18:34:58] [DEBUG] [Simpleneo4jKB.py:70] Extracted entities from 'Timestamp: 10/26/2024 13:50:45 | Email Address: 20...': ['engineering', 'student', 'usn', 'knowledge', 'email', 'very good', 'solutions', 'mathematics', 'aiml', 'address', 'branch', 'health', 'science', 'email address', 'factors', 'problems', 'safety', 'systems', 'computer', 'timestamp', 'sahana']
[2025-07-27 18:34:58] [DEBUG] [Simpleneo4jKB.py:70] Extracted entities from 'factors.: Very Good | 4. Capable of conducting inv...': ['society', 'very good', 'investigations', 'software', 'engineering', 'learning', 'issues', 'solutions', 'need', 'factors', 'impact', 'intelligence', 'machine', 'equipment', 'problems', 'development', 'practice']
[2025-07-27 18:34:59] [DEBUG] [Simpleneo4jKB.py:70] Extracted entities from 'Good | 8. Understand professional and ethical resp...': ['individual', 'teams', 'very good', 'responsibility', 'member', 'leader', 'form']
[2025-07-27 18:34:59] [DEBUG] [Simpleneo4jKB.py:70] Extracted entities from '11. Acquired project management and finance skills...': ['world', 'software', 'learning', 'artificial intelligence & machine learning', 'intelligence', 'machine', 'budgeting', 'very good', 'problem', 'life', 'programming', 'allocation', 'project', 'resource', 'finance', 'skills', 'projects', 'artificial', 'principles', 'adept', 'problems', 'development', 'management']
[2025-07-27 18:34:59] [DEBUG] [Simpleneo4jKB.py:70] Extracted entities from '& Machine Learning principles.: Very  Good | 15. P...': ['very good', 'computer', 'learning', 'technologies', 'system', 'principles', 'machine', 'computing', 'resources']
[2025-07-27 18:34:59] [DEBUG] [Simpleneo4jKB.py:70] Extracted entities from 'Timestamp: 10/26/2024 13:50:51 | Email Address: sa...': ['engineering', 'student', 'usn', 'knowledge', 'email', 'solutions', 'mathematics', 'aiml', 'address', 'malachira', 'branch', 'chittiappa', 'health', 'science', 'samit', 'email address', 'excellent', 'problems', 'safety', 'systems', 'computer', 'timestamp']
[2025-07-27 18:34:59] [DEBUG] [Simpleneo4jKB.py:70] Extracted entities from 'safety, and cultural, societal, and environmental ...': ['society', 'investigations', 'software', 'engineering', 'solutions', 'learning', 'issues', 'need', 'factors', 'excellent', 'impact', 'practice', 'intelligence', 'machine', 'equipment', 'problems', 'development', 'safety']
[2025-07-27 18:34:59] [DEBUG] [Simpleneo4jKB.py:70] Extracted entities from 'need for sustainable development.: Excellent | 8. ...': ['individual', 'teams', 'responsibility', 'member', 'excellent', 'leader', 'development', 'form']
[2025-07-27 18:35:00] [DEBUG] [Simpleneo4jKB.py:70] Extracted entities from '11. Acquired project management and finance skills...': ['world', 'software', 'learning', 'artificial intelligence & machine learning', 'intelligence', 'machine', 'budgeting', 'problem', 'life', 'programming', 'allocation', 'project', 'resource', 'finance', 'excellent', 'skills', 'projects', 'artificial', 'principles', 'adept', 'problems', 'development', 'management']
[2025-07-27 18:35:00] [DEBUG] [Simpleneo4jKB.py:70] Extracted entities from '& Machine Learning principles.: Excellent | 15. Pr...': ['computer', 'learning', 'technologies', 'excellent', 'system', 'principles', 'machine', 'computing', 'resources']
[2025-07-27 18:35:00] [DEBUG] [Simpleneo4jKB.py:70] Extracted entities from 'Timestamp: 10/26/2024 14:05:28 | Email Address: vi...': ['engineering', 'student', 'usn', 'knowledge', 'email', 'vigneshnvicky567@gmail.com', 'solutions', 'mathematics', 'aiml', 'address', 'vignesh', 'branch', 'health', 'science', 'email address', 'factors', 'excellent', 'problems', 'safety', 'systems', 'computer', 'timestamp', 'vignesh n  | 1']
[2025-07-27 18:35:00] [DEBUG] [Simpleneo4jKB.py:70] Extracted entities from 'environmental factors.: Excellent | 4. Capable of ...': ['society', 'very good', 'investigations', 'software', 'engineering', 'learning', 'issues', 'solutions', 'need', 'factors', 'excellent', 'impact', 'intelligence', 'machine', 'equipment', 'problems', 'development', 'practice']
[2025-07-27 18:35:00] [DEBUG] [Simpleneo4jKB.py:70] Extracted entities from 'Good | 8. Understand professional and ethical resp...': ['individual', 'teams', 'very good', 'responsibility', 'member', 'leader', 'form']
[2025-07-27 18:35:00] [DEBUG] [Simpleneo4jKB.py:70] Extracted entities from '11. Acquired project management and finance skills...': ['world', 'software', 'learning', 'artificial intelligence & machine learning', 'intelligence', 'machine', 'budgeting', 'very good', 'problem', 'life', 'programming', 'allocation', 'project', 'resource', 'finance', 'excellent', 'skills', 'projects', 'artificial', 'principles', 'adept', 'problems', 'development', 'management']
[2025-07-27 18:35:01] [DEBUG] [Simpleneo4jKB.py:70] Extracted entities from '& Machine Learning principles.: Excellent | 15. Pr...': ['computer', 'learning', 'technologies', 'excellent', 'system', 'principles', 'machine', 'computing', 'resources']
[2025-07-27 18:35:01] [DEBUG] [Simpleneo4jKB.py:70] Extracted entities from 'Timestamp: 10/26/2024 14:22:40 | Email Address: pb...': ['engineering', 'student', 'usn', 'pbs.dsce2001@gmail.com', 'knowledge', 'email', 'solutions', 'mathematics', 'aiml', 'address', 'branch', 'health', 'science', 'email address', 'factors', 'excellent', 'problems', 'safety', 'systems', 'computer', 'swaroop', 'timestamp']
[2025-07-27 18:35:01] [DEBUG] [Simpleneo4jKB.py:70] Extracted entities from 'factors.: Excellent | 4. Capable of conducting inv...': ['society', 'investigations', 'software', 'engineering', 'solutions', 'learning', 'issues', 'need', 'factors', 'excellent', 'impact', 'intelligence', 'machine', 'equipment', 'problems', 'development', 'practice']
[2025-07-27 18:35:01] [DEBUG] [Simpleneo4jKB.py:70] Extracted entities from '| 8. Understand professional and ethical responsib...': ['individual', 'teams', 'responsibility', 'member', 'excellent', 'leader', 'form']
[2025-07-27 18:35:01] [DEBUG] [Simpleneo4jKB.py:70] Extracted entities from '11. Acquired project management and finance skills...': ['world', 'software', 'learning', 'artificial intelligence & machine learning', 'intelligence', 'machine', 'budgeting', 'problem', 'life', 'programming', 'allocation', 'project', 'resource', 'finance', 'excellent', 'skills', 'projects', 'artificial', 'principles', 'adept', 'problems', 'development', 'management']
[2025-07-27 18:35:02] [DEBUG] [Simpleneo4jKB.py:70] Extracted entities from '& Machine Learning principles.: Excellent | 15. Pr...': ['computer', 'learning', 'technologies', 'excellent', 'system', 'principles', 'machine', 'computing', 'resources']
[2025-07-27 18:35:02] [DEBUG] [Simpleneo4jKB.py:70] Extracted entities from 'Timestamp: 10/26/2024 14:23:00 | Email Address: ta...': ['engineering', 'student', 'usn', 'tazyeen', 'knowledge', 'email', 'very good', 'solutions', 'mathematics', 'aiml', 'address', 'fathima', 'branch', 'health', 'science', 'email address', 'factors', 'problems', 'safety', 'systems', 'computer', 'timestamp']
[2025-07-27 18:35:02] [DEBUG] [Simpleneo4jKB.py:70] Extracted entities from 'environmental factors.: Very Good | 4. Capable of ...': ['society', 'very good', 'investigations', 'software', 'engineering', 'learning', 'issues', 'solutions', 'need', 'factors', 'impact', 'intelligence', 'machine', 'equipment', 'problems', 'development', 'practice']
[2025-07-27 18:35:02] [DEBUG] [Simpleneo4jKB.py:70] Extracted entities from 'Very Good | 8. Understand professional and ethical...': ['individual', 'teams', 'very good', 'responsibility', 'member', 'excellent', 'leader', 'form']
[2025-07-27 18:35:02] [DEBUG] [Simpleneo4jKB.py:70] Extracted entities from '11. Acquired project management and finance skills...': ['world', 'software', 'learning', 'artificial intelligence & machine learning', 'intelligence', 'machine', 'budgeting', 'very good', 'problem', 'life', 'programming', 'allocation', 'project', 'resource', 'finance', 'skills', 'projects', 'artificial', 'principles', 'adept', 'problems', 'development', 'management']
[2025-07-27 18:35:03] [DEBUG] [Simpleneo4jKB.py:70] Extracted entities from '& Machine Learning principles.: Very  Good | 15. P...': ['very good', 'computer', 'learning', 'technologies', 'system', 'principles', 'machine', 'computing', 'resources']
[2025-07-27 18:35:03] [DEBUG] [Simpleneo4jKB.py:70] Extracted entities from 'Timestamp: 10/26/2024 14:23:20 | Email Address: ne...': ['engineering', 'student', 'usn', 'knowledge', 'email', 'solutions', 'mathematics', 'aiml', 'address', 'sahukar', 'branch', 'health', 'science', 'email address', 'factors', 'nehal k sahukar', 'excellent', 'nehal', 'problems', 'safety', 'systems', 'computer', 'timestamp']
[2025-07-27 18:35:03] [DEBUG] [Simpleneo4jKB.py:70] Extracted entities from 'environmental factors.: Excellent | 4. Capable of ...': ['society', 'investigations', 'software', 'engineering', 'solutions', 'learning', 'issues', 'need', 'factors', 'excellent', 'impact', 'intelligence', 'machine', 'equipment', 'problems', 'development', 'practice']
[2025-07-27 18:35:03] [DEBUG] [Simpleneo4jKB.py:70] Extracted entities from 'Excellent | 8. Understand professional and ethical...': ['individual', 'teams', 'responsibility', 'member', 'excellent', 'leader', 'form']
[2025-07-27 18:35:03] [DEBUG] [Simpleneo4jKB.py:70] Extracted entities from '11. Acquired project management and finance skills...': ['world', 'software', 'learning', 'artificial intelligence & machine learning', 'intelligence', 'machine', 'budgeting', 'problem', 'life', 'programming', 'allocation', 'project', 'resource', 'finance', 'excellent', 'skills', 'projects', 'artificial', 'principles', 'adept', 'problems', 'development', 'management']
[2025-07-27 18:35:04] [DEBUG] [Simpleneo4jKB.py:70] Extracted entities from '& Machine Learning principles.: Excellent | 15. Pr...': ['computer', 'learning', 'technologies', 'excellent', 'system', 'principles', 'machine', 'computing', 'resources']
[2025-07-27 18:35:04] [DEBUG] [Simpleneo4jKB.py:70] Extracted entities from 'Timestamp: 10/26/2024 14:35:01 | Email Address: pa...': ['engineering', 'student', 'usn', 'knowledge', 'email', 'solutions', 'mathematics', 'aiml', 'address', 'branch', 'health', 'science', 'email address', 'factors', 'excellent', 'problems', 'safety', 'systems', 'computer', 'pavithra', 'timestamp']
[2025-07-27 18:35:04] [DEBUG] [Simpleneo4jKB.py:70] Extracted entities from 'factors.: Excellent | 4. Capable of conducting inv...': ['society', 'investigations', 'software', 'engineering', 'solutions', 'learning', 'issues', 'need', 'factors', 'excellent', 'impact', 'intelligence', 'machine', 'equipment', 'problems', 'development', 'practice']
[2025-07-27 18:35:05] [DEBUG] [Simpleneo4jKB.py:70] Extracted entities from '| 8. Understand professional and ethical responsib...': ['individual', 'teams', 'responsibility', 'member', 'excellent', 'leader', 'form']
[2025-07-27 18:35:05] [DEBUG] [Simpleneo4jKB.py:70] Extracted entities from '11. Acquired project management and finance skills...': ['world', 'software', 'learning', 'artificial intelligence & machine learning', 'intelligence', 'machine', 'budgeting', 'problem', 'life', 'programming', 'allocation', 'project', 'resource', 'finance', 'excellent', 'skills', 'projects', 'artificial', 'principles', 'adept', 'problems', 'development', 'management']
[2025-07-27 18:35:05] [DEBUG] [Simpleneo4jKB.py:70] Extracted entities from '& Machine Learning principles.: Excellent | 15. Pr...': ['computer', 'learning', 'technologies', 'excellent', 'system', 'principles', 'machine', 'computing', 'resources']
[2025-07-27 18:35:05] [DEBUG] [Simpleneo4jKB.py:70] Extracted entities from 'Timestamp: 10/26/2024 14:38:41 | Email Address: 20...': ['engineering', 'atada', 'student', 'usn', 'knowledge', 'email', 'solutions', 'kishor', 'mathematics', 'aiml', 'address', 'branch', 'hemanth', 'student name', 'health', 'science', 'email address', 'factors', 'excellent', 'problems', 'safety', 'systems', 'computer', 'timestamp']
[2025-07-27 18:35:05] [DEBUG] [Simpleneo4jKB.py:70] Extracted entities from 'factors.: Good | 4. Capable of conducting investig...': ['society', 'very good', 'investigations', 'software', 'engineering', 'learning', 'issues', 'solutions', 'need', 'responsibility', 'factors', 'impact', 'intelligence', 'machine', 'equipment', 'problems', 'development', 'practice']
[2025-07-27 18:35:05] [DEBUG] [Simpleneo4jKB.py:70] Extracted entities from 'professional and ethical responsibility.: Satisfac...': ['individual', 'teams', 'very good', 'responsibility', 'member', 'professional and ethical', 'leader', 'form']
[2025-07-27 18:35:05] [DEBUG] [Simpleneo4jKB.py:70] Extracted entities from '11. Acquired project management and finance skills...': ['world', 'software', 'learning', 'artificial intelligence & machine learning', 'intelligence', 'machine', 'budgeting', 'problem', 'life', 'programming', 'allocation', 'project', 'resource', 'finance', 'skills', 'projects', 'artificial', 'principles', 'adept', 'problems', 'development', 'management']
[2025-07-27 18:35:06] [DEBUG] [Simpleneo4jKB.py:70] Extracted entities from 'principles.: Very  Good | 15. Proficient in effici...': ['very good', 'computer', 'system', 'principles', 'technologies', 'computing', 'resources']
[2025-07-27 18:35:06] [DEBUG] [Simpleneo4jKB.py:70] Extracted entities from 'Timestamp: 10/26/2024 15:09:21 | Email Address: 1d...': ['engineering', 'student', 'usn', 'knowledge', 'email', 'solutions', 'mathematics', 'aiml', 'address', 'branch', 'health', 'science', 'email address', 'factors', 'excellent', 'shravan', 'problems', 'safety', 'systems', 'computer', 'timestamp', 'shravan  a s']
[2025-07-27 18:35:06] [DEBUG] [Simpleneo4jKB.py:70] Extracted entities from 'factors.: Excellent | 4. Capable of conducting inv...': ['society', 'investigations', 'software', 'engineering', 'solutions', 'learning', 'issues', 'need', 'factors', 'excellent', 'impact', 'intelligence', 'machine', 'equipment', 'problems', 'development', 'practice']
[2025-07-27 18:35:06] [DEBUG] [Simpleneo4jKB.py:70] Extracted entities from '| 8. Understand professional and ethical responsib...': ['individual', 'teams', 'responsibility', 'member', 'excellent', 'leader', 'form']
[2025-07-27 18:35:06] [DEBUG] [Simpleneo4jKB.py:70] Extracted entities from '11. Acquired project management and finance skills...': ['world', 'software', 'learning', 'artificial intelligence & machine learning', 'intelligence', 'machine', 'budgeting', 'problem', 'life', 'programming', 'allocation', 'project', 'resource', 'finance', 'excellent', 'skills', 'projects', 'artificial', 'principles', 'adept', 'problems', 'development', 'management']
[2025-07-27 18:35:06] [DEBUG] [Simpleneo4jKB.py:70] Extracted entities from '& Machine Learning principles.: Excellent | 15. Pr...': ['computer', 'learning', 'technologies', 'excellent', 'system', 'principles', 'machine', 'computing', 'resources']
[2025-07-27 18:35:07] [DEBUG] [Simpleneo4jKB.py:70] Extracted entities from 'Timestamp: 10/26/2024 15:19:49 | Email Address: vi...': ['engineering', 'student', 'usn', 'knowledge', 'email', 'solutions', 'mathematics', 'aiml', 'address', 'branch', 'health', 'science', 'email address', 'factors', 'excellent', 'problems', 'safety', 'systems', 'computer', 'vineel', 'timestamp']
[2025-07-27 18:35:07] [DEBUG] [Simpleneo4jKB.py:70] Extracted entities from 'factors.: Excellent | 4. Capable of conducting inv...': ['society', 'investigations', 'software', 'engineering', 'solutions', 'learning', 'issues', 'need', 'factors', 'excellent', 'impact', 'intelligence', 'machine', 'equipment', 'problems', 'development', 'practice']
[2025-07-27 18:35:07] [DEBUG] [Simpleneo4jKB.py:70] Extracted entities from '| 8. Understand professional and ethical responsib...': ['individual', 'teams', 'responsibility', 'member', 'excellent', 'leader', 'form']
[2025-07-27 18:35:07] [DEBUG] [Simpleneo4jKB.py:70] Extracted entities from '11. Acquired project management and finance skills...': ['world', 'software', 'learning', 'artificial intelligence & machine learning', 'intelligence', 'machine', 'budgeting', 'problem', 'life', 'programming', 'allocation', 'project', 'resource', 'finance', 'excellent', 'skills', 'projects', 'artificial', 'principles', 'adept', 'problems', 'development', 'management']
[2025-07-27 18:35:07] [DEBUG] [Simpleneo4jKB.py:70] Extracted entities from '& Machine Learning principles.: Excellent | 15. Pr...': ['computer', 'learning', 'technologies', 'excellent', 'system', 'principles', 'machine', 'computing', 'resources']
[2025-07-27 18:35:08] [DEBUG] [Simpleneo4jKB.py:70] Extracted entities from 'Timestamp: 10/26/2024 16:01:21 | Email Address: ni...': ['engineering', 'student', 'usn', 'niranthar', 'knowledge', 'email', 'investigations', 'solutions', 'mathematics', 'aiml', 'address', 'branch', 'health', 'science', 'email address', 'factors', 'problems', 'safety', 'systems', 'computer', 'timestamp']
[2025-07-27 18:35:08] [DEBUG] [Simpleneo4jKB.py:70] Extracted entities from 'Good | 4. Capable of conducting investigations int...': ['society', 'investigations', 'software', 'engineering', 'solutions', 'issues', 'learning', 'need', 'responsibility', 'impact', 'intelligence', 'machine', 'equipment', 'problems', 'development', 'practice']
[2025-07-27 18:35:08] [DEBUG] [Simpleneo4jKB.py:70] Extracted entities from 'responsibility.: Good | 9. Able to function effect...': ['individual', 'teams', 'responsibility', 'member', 'leader', 'form']
[2025-07-27 18:35:08] [DEBUG] [Simpleneo4jKB.py:70] Extracted entities from '11. Acquired project management and finance skills...': ['world', 'software', 'learning', 'artificial intelligence & machine learning', 'intelligence', 'machine', 'budgeting', 'problem', 'life', 'programming', 'allocation', 'project', 'resource', 'finance', 'skills', 'projects', 'artificial', 'principles', 'adept', 'problems', 'development', 'management']
[2025-07-27 18:35:09] [DEBUG] [Simpleneo4jKB.py:70] Extracted entities from 'principles.: Good | 15. Proficient in efficiently ...': ['computer', 'system', 'principles', 'technologies', 'computing', 'resources']
[2025-07-27 18:35:09] [INFO] [Simpleneo4jKB.py:124] Graph created: 230 chunks, 3598 total entities
[2025-07-27 18:35:09] [INFO] [Simpleneo4jKB.py:150] Graph verification - Session: 54566314-ab55-45d1-a505-a7e9348c3941, Chunks: 230, Entities: 162
[2025-07-27 18:35:09] [INFO] [ChatbotSessionManager.py:148] Session 54566314-ab55-45d1-a505-a7e9348c3941 stored in Redis (primary) and local cache (fallback)
[2025-07-27 18:35:09] [INFO] [app.py:209] Session 54566314-ab55-45d1-a505-a7e9348c3941 created successfully
[2025-07-27 18:35:16] [INFO] [ChatbotSessionManager.py:70] Redis connected successfully - using as primary cache
[2025-07-27 18:35:16] [INFO] [Simpleneo4jKB.py:38] Neo4j connected successfully
[2025-07-27 18:35:17] [INFO] [Simpleneo4jKB.py:48] SpaCy model loaded successfully
[2025-07-27 18:35:24] [INFO] [GroqRAGProcessor.py:37] RAG Processor initialized
[2025-07-27 18:35:24] [INFO] [app.py:169] Starting session 399dff12-4ee9-4ceb-baee-4e7bfecba222
[2025-07-27 18:35:24] [WARNING] [ChatbotSessionManager.py:184] Session 399dff12-4ee9-4ceb-baee-4e7bfecba222 not found in either Redis or local cache
[2025-07-27 18:35:24] [DEBUG] [utils.py:88]  Fetching data from: https://docs.google.com/spreadsheets/d/1STyEshSdfP5ilAJrjxLRRZCXnoQRYBa8fxlWJYFHPzU/export?format=csv
[2025-07-27 18:35:25] [DEBUG] [utils.py:94] ✅ Successfully loaded 46 rows and 19 columns
[2025-07-27 18:35:25] [INFO] [GroqRAGProcessor.py:54] Created 230 chunks from text of length 81573
[2025-07-27 18:35:25] [DEBUG] [GroqRAGProcessor.py:58] Chunk 0 preview: Timestamp: 10/26/2024 10:39:10 | 1. Gained knowledge of mathematics and science required for AIML br...
[2025-07-27 18:35:25] [DEBUG] [GroqRAGProcessor.py:58] Chunk 1 preview: and machine learning issues.: Excellent | 5. Learned to use modern software and equipment to analyze...
[2025-07-27 18:35:25] [DEBUG] [GroqRAGProcessor.py:58] Chunk 2 preview: as an individual and as a member or leader in diverse, multidisciplinary teams.: Excellent | 10. Abl...
[2025-07-27 18:35:25] [INFO] [app.py:184] Created 230 chunks
[2025-07-27 18:35:29] [INFO] [GroqRAGProcessor.py:78] QA system created with 230 chunks
[2025-07-27 18:35:29] [INFO] [Simpleneo4jKB.py:85] Created session node for: 399dff12-4ee9-4ceb-baee-4e7bfecba222
[2025-07-27 18:35:58] [INFO] [Simpleneo4jKB.py:123] Graph created: 230 chunks, 3598 total entities
[2025-07-27 18:35:58] [INFO] [Simpleneo4jKB.py:149] Graph verification - Session: 399dff12-4ee9-4ceb-baee-4e7bfecba222, Chunks: 230, Entities: 162
[2025-07-27 18:35:58] [INFO] [ChatbotSessionManager.py:148] Session 399dff12-4ee9-4ceb-baee-4e7bfecba222 stored in Redis (primary) and local cache (fallback)
[2025-07-27 18:35:58] [INFO] [app.py:209] Session 399dff12-4ee9-4ceb-baee-4e7bfecba222 created successfully
[2025-07-27 18:36:12] [INFO] [app.py:224] Processing query for session 399dff12-4ee9-4ceb-baee-4e7bfecba222
[2025-07-27 18:36:12] [INFO] [ChatbotSessionManager.py:166] Session 399dff12-4ee9-4ceb-baee-4e7bfecba222 retrieved from Redis (primary cache)
[2025-07-27 18:36:12] [INFO] [GroqRAGProcessor.py:115] Answering question: 'how is the overall feedback ?' for session: 399dff12-4ee9-4ceb-baee-4e7bfecba222
[2025-07-27 18:36:12] [INFO] [GroqRAGProcessor.py:122] Vector search returned 10 documents
[2025-07-27 18:36:12] [DEBUG] [GroqRAGProcessor.py:124] Vector doc 0: development.: Satisfactory | 8. Understand professional and ethical responsibility.: Satisfactory | ...
[2025-07-27 18:36:12] [DEBUG] [GroqRAGProcessor.py:124] Vector doc 1: development.: Satisfactory | 8. Understand professional and ethical responsibility.: Satisfactory | ...
[2025-07-27 18:36:12] [INFO] [GroqRAGProcessor.py:129] Attempting graph search...
[2025-07-27 18:36:12] [DEBUG] [Simpleneo4jKB.py:162] Query: 'how is the overall feedback ?' -> Entities: ['feedback']
[2025-07-27 18:36:12] [DEBUG] [Simpleneo4jKB.py:189] No exact matches, trying fuzzy search
[2025-07-27 18:36:12] [INFO] [GroqRAGProcessor.py:131] Graph search returned 0 results
[2025-07-27 18:36:12] [INFO] [GroqRAGProcessor.py:146] Using vector-only context
[2025-07-27 18:36:12] [DEBUG] [GroqRAGProcessor.py:149] Context length: 3606 characters
[2025-07-27 18:36:13] [INFO] [GroqRAGProcessor.py:168] Answer generated: 1000 characters, search_type: vector_only
[2025-10-22 06:52:36] [WARNING] [ChatbotSessionManager.py:72] Redis connection failed: Error 111 connecting to localhost:6380. Connect call failed ('127.0.0.1', 6380).. Falling back to local cache only
[2025-10-22 06:52:36] [ERROR] [Simpleneo4jKB.py:40] Neo4j connection failed: Couldn't connect to localhost:7687 (resolved to ('127.0.0.1:7687',)):
Failed to establish connection to ResolvedIPv4Address(('127.0.0.1', 7687)) (reason [Errno 111] Connect call failed ('127.0.0.1', 7687))
[2025-10-22 06:52:48] [INFO] [GroqRAGProcessor.py:37] RAG Processor initialized
[2025-10-22 06:57:31] [INFO] [app.py:169] Starting session 412f5237-f846-454f-8fb8-3b03aa5b9073
[2025-10-22 06:57:31] [WARNING] [ChatbotSessionManager.py:184] Session 412f5237-f846-454f-8fb8-3b03aa5b9073 not found in either Redis or local cache
[2025-10-22 06:57:31] [DEBUG] [utils.py:88]  Fetching data from: https://docs.google.com/spreadsheets/d/1SwSF7mJEz9Wr26DnhAJleQ40VBfrDxoJVvfyPOMLwYM/export?format=csv
[2025-10-22 06:57:32] [DEBUG] [utils.py:94] ✅ Successfully loaded 7 rows and 4 columns
[2025-10-22 06:57:32] [INFO] [GroqRAGProcessor.py:54] Created 2 chunks from text of length 734
[2025-10-22 06:57:32] [DEBUG] [GroqRAGProcessor.py:58] Chunk 0 preview: Timestamp: 12/3/2024 22:55:55 | Name: Spoorthi | Post: Development | Resume: https://drive.google.co...
[2025-10-22 06:57:32] [DEBUG] [GroqRAGProcessor.py:58] Chunk 1 preview: Timestamp: 12/4/2024 15:53:49 | Name: Aniket Srivastava | Post: Development | Resume: https://drive....
[2025-10-22 06:57:32] [INFO] [app.py:184] Created 2 chunks
[2025-10-22 06:57:33] [INFO] [GroqRAGProcessor.py:78] QA system created with 2 chunks
[2025-10-22 06:57:33] [WARNING] [Simpleneo4jKB.py:75] Graph creation skipped - Neo4j not available
[2025-10-22 06:57:33] [INFO] [ChatbotSessionManager.py:154] Session 412f5237-f846-454f-8fb8-3b03aa5b9073 stored in local cache only (Redis unavailable)
[2025-10-22 06:57:33] [INFO] [app.py:209] Session 412f5237-f846-454f-8fb8-3b03aa5b9073 created successfully
[2025-10-22 06:57:43] [INFO] [app.py:224] Processing query for session 412f5237-f846-454f-8fb8-3b03aa5b9073
[2025-10-22 06:57:43] [INFO] [ChatbotSessionManager.py:181] Session 412f5237-f846-454f-8fb8-3b03aa5b9073 retrieved from local cache (fallback)
[2025-10-22 06:57:43] [INFO] [GroqRAGProcessor.py:115] Answering question: 'how is the overall feedback' for session: 412f5237-f846-454f-8fb8-3b03aa5b9073
[2025-10-22 06:57:43] [INFO] [GroqRAGProcessor.py:122] Vector search returned 2 documents
[2025-10-22 06:57:43] [DEBUG] [GroqRAGProcessor.py:124] Vector doc 0: Timestamp: 12/4/2024 15:53:49 | Name: Aniket Srivastava | Post: Development | Resume: https://drive....
[2025-10-22 06:57:43] [DEBUG] [GroqRAGProcessor.py:124] Vector doc 1: Timestamp: 12/3/2024 22:55:55 | Name: Spoorthi | Post: Development | Resume: https://drive.google.co...
[2025-10-22 06:57:43] [INFO] [GroqRAGProcessor.py:136] Graph search skipped (disabled or not requested)
[2025-10-22 06:57:43] [INFO] [GroqRAGProcessor.py:146] Using vector-only context
[2025-10-22 06:57:43] [DEBUG] [GroqRAGProcessor.py:149] Context length: 733 characters
[2025-10-22 06:57:44] [INFO] [GroqRAGProcessor.py:168] Answer generated: 1255 characters, search_type: vector_only
[2025-10-22 07:00:43] [INFO] [app.py:169] Starting session 020cc5ea-dbc2-4a77-bf47-f12d2dbd80cb
[2025-10-22 07:00:43] [WARNING] [ChatbotSessionManager.py:184] Session 020cc5ea-dbc2-4a77-bf47-f12d2dbd80cb not found in either Redis or local cache
[2025-10-22 07:00:43] [DEBUG] [utils.py:88]  Fetching data from: https://docs.google.com/spreadsheets/d/1STyEshSdfP5ilAJrjxLRRZCXnoQRYBa8fxlWJYFHPzU/export?format=csv
[2025-10-22 07:00:44] [DEBUG] [utils.py:94] ✅ Successfully loaded 46 rows and 19 columns
[2025-10-22 07:00:44] [INFO] [GroqRAGProcessor.py:54] Created 230 chunks from text of length 81573
[2025-10-22 07:00:44] [DEBUG] [GroqRAGProcessor.py:58] Chunk 0 preview: Timestamp: 10/26/2024 10:39:10 | 1. Gained knowledge of mathematics and science required for AIML br...
[2025-10-22 07:00:44] [DEBUG] [GroqRAGProcessor.py:58] Chunk 1 preview: and machine learning issues.: Excellent | 5. Learned to use modern software and equipment to analyze...
[2025-10-22 07:00:44] [DEBUG] [GroqRAGProcessor.py:58] Chunk 2 preview: as an individual and as a member or leader in diverse, multidisciplinary teams.: Excellent | 10. Abl...
[2025-10-22 07:00:44] [INFO] [app.py:184] Created 230 chunks
[2025-10-22 07:00:47] [INFO] [GroqRAGProcessor.py:78] QA system created with 230 chunks
[2025-10-22 07:00:47] [WARNING] [Simpleneo4jKB.py:75] Graph creation skipped - Neo4j not available
[2025-10-22 07:00:47] [INFO] [ChatbotSessionManager.py:154] Session 020cc5ea-dbc2-4a77-bf47-f12d2dbd80cb stored in local cache only (Redis unavailable)
[2025-10-22 07:00:47] [INFO] [app.py:209] Session 020cc5ea-dbc2-4a77-bf47-f12d2dbd80cb created successfully
[2025-10-22 07:01:04] [INFO] [app.py:169] Starting session 656047ff-35de-4940-b2db-5a588f7a005c
[2025-10-22 07:01:04] [WARNING] [ChatbotSessionManager.py:184] Session 656047ff-35de-4940-b2db-5a588f7a005c not found in either Redis or local cache
[2025-10-22 07:01:04] [DEBUG] [utils.py:88]  Fetching data from: https://docs.google.com/spreadsheets/d/1STyEshSdfP5ilAJrjxLRRZCXnoQRYBa8fxlWJYFHPzU/export?format=csv
[2025-10-22 07:01:05] [DEBUG] [utils.py:94] ✅ Successfully loaded 46 rows and 19 columns
[2025-10-22 07:01:05] [INFO] [GroqRAGProcessor.py:54] Created 230 chunks from text of length 81573
[2025-10-22 07:01:05] [DEBUG] [GroqRAGProcessor.py:58] Chunk 0 preview: Timestamp: 10/26/2024 10:39:10 | 1. Gained knowledge of mathematics and science required for AIML br...
[2025-10-22 07:01:05] [DEBUG] [GroqRAGProcessor.py:58] Chunk 1 preview: and machine learning issues.: Excellent | 5. Learned to use modern software and equipment to analyze...
[2025-10-22 07:01:05] [DEBUG] [GroqRAGProcessor.py:58] Chunk 2 preview: as an individual and as a member or leader in diverse, multidisciplinary teams.: Excellent | 10. Abl...
[2025-10-22 07:01:05] [INFO] [app.py:184] Created 230 chunks
[2025-10-22 07:01:10] [INFO] [GroqRAGProcessor.py:78] QA system created with 230 chunks
[2025-10-22 07:01:10] [WARNING] [Simpleneo4jKB.py:75] Graph creation skipped - Neo4j not available
[2025-10-22 07:01:10] [INFO] [ChatbotSessionManager.py:154] Session 656047ff-35de-4940-b2db-5a588f7a005c stored in local cache only (Redis unavailable)
[2025-10-22 07:01:10] [INFO] [app.py:209] Session 656047ff-35de-4940-b2db-5a588f7a005c created successfully
[2025-10-22 07:01:36] [INFO] [app.py:224] Processing query for session 656047ff-35de-4940-b2db-5a588f7a005c
[2025-10-22 07:01:36] [INFO] [ChatbotSessionManager.py:181] Session 656047ff-35de-4940-b2db-5a588f7a005c retrieved from local cache (fallback)
[2025-10-22 07:01:36] [INFO] [GroqRAGProcessor.py:115] Answering question: 'how is the overalll feedback?' for session: 656047ff-35de-4940-b2db-5a588f7a005c
[2025-10-22 07:01:36] [INFO] [GroqRAGProcessor.py:122] Vector search returned 10 documents
[2025-10-22 07:01:36] [DEBUG] [GroqRAGProcessor.py:124] Vector doc 0: development.: Satisfactory | 8. Understand professional and ethical responsibility.: Satisfactory | ...
[2025-10-22 07:01:36] [DEBUG] [GroqRAGProcessor.py:124] Vector doc 1: development.: Satisfactory | 8. Understand professional and ethical responsibility.: Satisfactory | ...
[2025-10-22 07:01:36] [INFO] [GroqRAGProcessor.py:136] Graph search skipped (disabled or not requested)
[2025-10-22 07:01:36] [INFO] [GroqRAGProcessor.py:146] Using vector-only context
[2025-10-22 07:01:36] [DEBUG] [GroqRAGProcessor.py:149] Context length: 4082 characters
[2025-10-22 07:01:36] [INFO] [GroqRAGProcessor.py:168] Answer generated: 982 characters, search_type: vector_only
[2025-10-22 07:01:49] [DEBUG] [taskManager.py:30] Task: 2a4af3ab-0ca6-4781-8703-9040bf7e8d85 added to queue
[2025-10-22 07:01:49] [DEBUG] [taskManager.py:54] Processing called for Task: 2a4af3ab-0ca6-4781-8703-9040bf7e8d85 at time : 2025-10-22 07:01:49.897874
[2025-10-22 07:01:49] [DEBUG] [utils.py:520] Starting analysis task 2a4af3ab-0ca6-4781-8703-9040bf7e8d85
[2025-10-22 07:01:49] [DEBUG] [utils.py:88]  Fetching data from: https://docs.google.com/spreadsheets/d/1STyEshSdfP5ilAJrjxLRRZCXnoQRYBa8fxlWJYFHPzU/export?format=csv
[2025-10-22 07:01:51] [DEBUG] [utils.py:94] ✅ Successfully loaded 46 rows and 19 columns
[2025-10-22 07:01:51] [DEBUG] [analyzer.py:118] 15 columns considerd and they are ['1. Gained knowledge of mathematics and science required for AIML branch of Engineering.', '2. Able to identify, formulate and solve engineering problems', '3. Learn to design solutions for complex computer science and systems, considering public health, safety, and cultural, societal, and environmental factors.', '4. Capable of conducting investigations into complex artificial intelligence and machine learning issues.', '5. Learned to use modern software and equipment to analyze problems essential for engineering practice.', '6. Able to recognize the impact of engineering on society.', '7. Recognize the societal and environmental impact of solutions and the need for sustainable development.', '8. Understand professional and ethical responsibility.', '9. Able to function effectively as an individual and as a member or leader in diverse, multidisciplinary teams.', '10. Able to communicate effectively in both verbal and written form.', '\n11. Acquired project management and finance skills, including budgeting and resource allocation, and can lead projects effectively.', '12. Embraced life-long learning and committed to continuous professional development.', '13. Adept in programming and problem solving skills for developing and managing software.', '14. Identify, formulate, predict and solve real-world problems by applying Artificial Intelligence & Machine Learning principles.', '15. Proficient in efficiently managing computer system resources using cloud computing technologies.']
[2025-10-22 07:01:51] [DEBUG] [analyzer.py:119] 4 columns removed and they are ['Timestamp', 'Email Address', 'Student USN', 'Student Name']
[2025-10-22 07:02:40] [WARNING] [ChatbotSessionManager.py:72] Redis connection failed: Error 111 connecting to localhost:6380. Connect call failed ('127.0.0.1', 6380).. Falling back to local cache only
[2025-10-22 07:02:40] [ERROR] [Simpleneo4jKB.py:40] Neo4j connection failed: Couldn't connect to localhost:7687 (resolved to ('127.0.0.1:7687',)):
Failed to establish connection to ResolvedIPv4Address(('127.0.0.1', 7687)) (reason [Errno 111] Connect call failed ('127.0.0.1', 7687))
[2025-10-22 07:02:53] [INFO] [GroqRAGProcessor.py:37] RAG Processor initialized
[2025-10-22 07:04:42] [DEBUG] [taskManager.py:30] Task: 7ec64301-62ee-4564-9521-bd71d893a9f9 added to queue
[2025-10-22 07:04:42] [DEBUG] [taskManager.py:54] Processing called for Task: 7ec64301-62ee-4564-9521-bd71d893a9f9 at time : 2025-10-22 07:04:42.213371
[2025-10-22 07:04:42] [DEBUG] [utils.py:520] Starting analysis task 7ec64301-62ee-4564-9521-bd71d893a9f9
[2025-10-22 07:04:42] [DEBUG] [utils.py:88]  Fetching data from: https://docs.google.com/spreadsheets/d/1STyEshSdfP5ilAJrjxLRRZCXnoQRYBa8fxlWJYFHPzU/export?format=csv
[2025-10-22 07:04:43] [DEBUG] [utils.py:94] ✅ Successfully loaded 46 rows and 19 columns
[2025-10-22 07:04:43] [DEBUG] [analyzer.py:118] 15 columns considerd and they are ['1. Gained knowledge of mathematics and science required for AIML branch of Engineering.', '2. Able to identify, formulate and solve engineering problems', '3. Learn to design solutions for complex computer science and systems, considering public health, safety, and cultural, societal, and environmental factors.', '4. Capable of conducting investigations into complex artificial intelligence and machine learning issues.', '5. Learned to use modern software and equipment to analyze problems essential for engineering practice.', '6. Able to recognize the impact of engineering on society.', '7. Recognize the societal and environmental impact of solutions and the need for sustainable development.', '8. Understand professional and ethical responsibility.', '9. Able to function effectively as an individual and as a member or leader in diverse, multidisciplinary teams.', '10. Able to communicate effectively in both verbal and written form.', '\n11. Acquired project management and finance skills, including budgeting and resource allocation, and can lead projects effectively.', '12. Embraced life-long learning and committed to continuous professional development.', '13. Adept in programming and problem solving skills for developing and managing software.', '14. Identify, formulate, predict and solve real-world problems by applying Artificial Intelligence & Machine Learning principles.', '15. Proficient in efficiently managing computer system resources using cloud computing technologies.']
[2025-10-22 07:04:43] [DEBUG] [analyzer.py:119] 4 columns removed and they are ['Timestamp', 'Email Address', 'Student USN', 'Student Name']
[2025-10-22 07:15:30] [INFO] [utils.py:553] Task 7ec64301-62ee-4564-9521-bd71d893a9f9 completed successfully
[2025-10-22 07:16:22] [INFO] [app.py:169] Starting session e64e52de-7f5e-4554-a4ae-d6c2e26f35d4
[2025-10-22 07:16:22] [WARNING] [ChatbotSessionManager.py:184] Session e64e52de-7f5e-4554-a4ae-d6c2e26f35d4 not found in either Redis or local cache
[2025-10-22 07:16:22] [DEBUG] [utils.py:88]  Fetching data from: https://docs.google.com/spreadsheets/d/1qCvEcmJZ5JJL7EDsDnzZbT7xnpuuxgENPMGn7c5uQNY/export?format=csv
[2025-10-22 07:16:23] [DEBUG] [utils.py:94] ✅ Successfully loaded 20 rows and 11 columns
[2025-10-22 07:16:23] [INFO] [GroqRAGProcessor.py:54] Created 20 chunks from text of length 6748
[2025-10-22 07:16:23] [DEBUG] [GroqRAGProcessor.py:58] Chunk 0 preview: course_name: Introduction to Psychology | professor: Dr. Sarah Johnson | semester: Fall 2024 | ratin...
[2025-10-22 07:16:23] [DEBUG] [GroqRAGProcessor.py:58] Chunk 1 preview: course_name: Calculus I | professor: Prof. Michael Chen | semester: Spring 2024 | rating: 3 | diffic...
[2025-10-22 07:16:23] [DEBUG] [GroqRAGProcessor.py:58] Chunk 2 preview: course_name: World History | professor: Dr. Amanda Rodriguez | semester: Fall 2024 | rating: 4 | dif...
[2025-10-22 07:16:23] [INFO] [app.py:184] Created 20 chunks
[2025-10-22 07:16:24] [INFO] [GroqRAGProcessor.py:78] QA system created with 20 chunks
[2025-10-22 07:16:24] [WARNING] [Simpleneo4jKB.py:75] Graph creation skipped - Neo4j not available
[2025-10-22 07:16:24] [INFO] [ChatbotSessionManager.py:154] Session e64e52de-7f5e-4554-a4ae-d6c2e26f35d4 stored in local cache only (Redis unavailable)
[2025-10-22 07:16:24] [INFO] [app.py:209] Session e64e52de-7f5e-4554-a4ae-d6c2e26f35d4 created successfully
[2025-10-22 07:16:33] [INFO] [app.py:224] Processing query for session e64e52de-7f5e-4554-a4ae-d6c2e26f35d4
[2025-10-22 07:16:33] [INFO] [ChatbotSessionManager.py:181] Session e64e52de-7f5e-4554-a4ae-d6c2e26f35d4 retrieved from local cache (fallback)
[2025-10-22 07:16:33] [INFO] [GroqRAGProcessor.py:115] Answering question: 'any negative feedback?' for session: e64e52de-7f5e-4554-a4ae-d6c2e26f35d4
[2025-10-22 07:16:33] [INFO] [GroqRAGProcessor.py:122] Vector search returned 10 documents
[2025-10-22 07:16:33] [DEBUG] [GroqRAGProcessor.py:124] Vector doc 0: course_name: Philosophy 101 | professor: Prof. Thomas Wright | semester: Fall 2024 | rating: 5 | dif...
[2025-10-22 07:16:33] [DEBUG] [GroqRAGProcessor.py:124] Vector doc 1: course_name: Public Speaking | professor: Prof. Lisa Anderson | semester: Fall 2024 | rating: 4 | di...
[2025-10-22 07:16:33] [INFO] [GroqRAGProcessor.py:136] Graph search skipped (disabled or not requested)
[2025-10-22 07:16:33] [INFO] [GroqRAGProcessor.py:146] Using vector-only context
[2025-10-22 07:16:33] [DEBUG] [GroqRAGProcessor.py:149] Context length: 3389 characters
[2025-10-22 07:16:34] [INFO] [GroqRAGProcessor.py:168] Answer generated: 577 characters, search_type: vector_only
[2025-10-22 07:16:50] [INFO] [app.py:224] Processing query for session e64e52de-7f5e-4554-a4ae-d6c2e26f35d4
[2025-10-22 07:16:50] [INFO] [ChatbotSessionManager.py:181] Session e64e52de-7f5e-4554-a4ae-d6c2e26f35d4 retrieved from local cache (fallback)
[2025-10-22 07:16:50] [INFO] [GroqRAGProcessor.py:115] Answering question: 'any positive feedbacks?' for session: e64e52de-7f5e-4554-a4ae-d6c2e26f35d4
[2025-10-22 07:16:50] [INFO] [GroqRAGProcessor.py:122] Vector search returned 10 documents
[2025-10-22 07:16:50] [DEBUG] [GroqRAGProcessor.py:124] Vector doc 0: course_name: Public Speaking | professor: Prof. Lisa Anderson | semester: Fall 2024 | rating: 4 | di...
[2025-10-22 07:16:50] [DEBUG] [GroqRAGProcessor.py:124] Vector doc 1: course_name: World History | professor: Dr. Amanda Rodriguez | semester: Fall 2024 | rating: 4 | dif...
[2025-10-22 07:16:50] [INFO] [GroqRAGProcessor.py:136] Graph search skipped (disabled or not requested)
[2025-10-22 07:16:50] [INFO] [GroqRAGProcessor.py:146] Using vector-only context
[2025-10-22 07:16:50] [DEBUG] [GroqRAGProcessor.py:149] Context length: 3384 characters
[2025-10-22 07:16:52] [INFO] [GroqRAGProcessor.py:168] Answer generated: 1427 characters, search_type: vector_only
[2025-10-22 07:21:50] [INFO] [app.py:224] Processing query for session e64e52de-7f5e-4554-a4ae-d6c2e26f35d4
[2025-10-22 07:21:50] [INFO] [ChatbotSessionManager.py:181] Session e64e52de-7f5e-4554-a4ae-d6c2e26f35d4 retrieved from local cache (fallback)
[2025-10-22 07:21:50] [INFO] [GroqRAGProcessor.py:115] Answering question: 'any peculiar feedback' for session: e64e52de-7f5e-4554-a4ae-d6c2e26f35d4
[2025-10-22 07:21:50] [INFO] [GroqRAGProcessor.py:122] Vector search returned 10 documents
[2025-10-22 07:21:50] [DEBUG] [GroqRAGProcessor.py:124] Vector doc 0: course_name: Public Speaking | professor: Prof. Lisa Anderson | semester: Fall 2024 | rating: 4 | di...
[2025-10-22 07:21:50] [DEBUG] [GroqRAGProcessor.py:124] Vector doc 1: course_name: Organic Chemistry | professor: Dr. Robert Williams | semester: Spring 2024 | rating: 2 ...
[2025-10-22 07:21:50] [INFO] [GroqRAGProcessor.py:136] Graph search skipped (disabled or not requested)
[2025-10-22 07:21:50] [INFO] [GroqRAGProcessor.py:146] Using vector-only context
[2025-10-22 07:21:50] [DEBUG] [GroqRAGProcessor.py:149] Context length: 3393 characters
[2025-10-22 07:21:51] [INFO] [GroqRAGProcessor.py:168] Answer generated: 1758 characters, search_type: vector_only
